name,AB_CFS,BN_CFS,DS_CFS,DT_CFS,HT_CFS,Ibk_CFS,J48_CFS,Jrip_CFS,LMT_CFS,LOG_CFS,LB_CFS,MLP_CFS,NB_CFS,ONE_CFS,PART_CFS,RC_CFS,RF_CFS,RS_CFS,RT_CFS,REP_CFS,SGD_CFS,SL_CFS,SVM_CFS,STK_CFS,VOTE_CFS,VP_CFS,ZERO_CFS
2dplanes.arff,0.9199,0.9089121,0.8025106,0.9673807,0.9767,0.9798,0.9765,0.9397,0,0.9142,0.9117971,0.9046,0.7143,0.8025106,0.9642987,0,0.9797,0.930513,0.97101,0.9772,0.827,0,0.8287,0,0.5,0,0.5
ada_prior.arff,0.887,0.8864096,0.7475429,0.8725382,0.7745,0.7846,0.8611,0.7556,0,0.8844,0.8796193,0.833,0.8719,0.5936605,0.8753114,0.8092797,0.8601,0.8864655,0.7607443,0.8593,0.7507,0.8869038,0.729,0.5,0.5,0.6152834,0.5
adult.arff,0.8825,0.8849733,0.7603404,0.8866261,0.8707,0.8855,0.8617,0.709,0,0.8891,0.8777341,0.8449,0.8847,0.5924484,0.8821733,0.8855548,0.8878,0.8832491,0.8845049,0.8794,0.7493,0.8888187,0.7447,0.5,0.5,0.7477211,0.5
adult-census.arff,0.891,0.90027,0.7591759,0.8994885,0.8154,0.8905,0.8784,0.7274,0,0.8862,0.8856482,0.856,0.8694,0.6053005,0.8974191,0.9020039,0.9023,0.9029901,0.8976346,0.8947,0.7504,0.8822332,0.7373,0.5,0.5,0.7319288,0.5
ailerons.arff,0.9286,0.9215594,0.775172,0.9230967,0.8763,0.8543,0.9115,0.8704,0,0.9314,0.9166029,0.929,0.9122,0.7822161,0.923589,0.8616676,0.9061,0.9116663,0.8390784,0.9176,0.8422,0.9313928,0.8497,0.5,0.5,0.8370001,0.5
analcatdata_apnea1.arff,0.919,0.9107239,0.6967189,0.943641,0.9138,0.9507,0.9247,0.832,0,0.9181,0.9072153,0.9209,0.9138,0.5,0.9288956,0.9376499,0.944,0.5,0.9376499,0.9317,0.8201,0.9087349,0.8201,0.5,0.5,0.8612418,0.5
analcatdata_apnea2.arff,0.9446,0.943162,0.7021196,0.9363871,0.937,0.9484,0.9455,0.8855,0,0.9418,0.9388163,0.9311,0.937,0.5,0.9508759,0.9438977,0.9439,0.5,0.9438977,0.9512,0.9312,0.9404133,0.9312,0.5,0.5,0.9180363,0.5
analcatdata_apnea3.arff,0.9124,0.9219679,0.6685256,0.8314829,0.9014,0.8988,0.8877,0.8064,0,0.911,0.9164764,0.8852,0.9014,0.5,0.9060812,0.8996986,0.891,0.5,0.8996986,0.8815,0.8411,0.9061751,0.8411,0.5,0.5,0.800079,0.5
analcatdata_authorship.arff,0.9994,1,0.8627611,0.9819541,0.996,0.9935,0.9657,0.9516,0,0.9955,0.9972709,0.9997,0.9979,0.8676165,0.9568262,0.9996697,0.9997,0.9984358,0.9413116,0.9521,0.9924,0.9997006,0.9934,0.5,0.5,0.9535507,0.5
analcatdata_birthday.arff,0.9085,0.9054504,0.9066836,0.7682595,0.9213,0.6817,0.896,0.6893,0,0.8875,0.9216533,0.9354,0.9378,0.6783098,0.8705881,0.6983771,0.8981,0.9212366,0.6983771,0.8958,0.7714,0.9408938,0.5675,0.5,0.5,0.5,0.5
analcatdata_boxing1.arff,0.8776,0.8926339,0.615,0.856875,0.877,0.8187,0.8468,0.7665,0,0.8436,0.8575,0.8103,0.877,0.7716071,0.7071428,0.8713393,0.8367,0.8843303,0.8713393,0.8443,0.7683,0.9098214,0.7701,0.5,0.5,0.8250893,0.5
analcatdata_boxing2.arff,0.8462,0.852721,0.5619048,0.8641794,0.8441,0.8245,0.8291,0.7667,0,0.8456,0.8223426,0.8146,0.8441,0.8294642,0.8450256,0.8373937,0.8363,0.85034,0.8373937,0.8459,0.8289,0.8401359,0.8289,0.5,0.5,0.8205358,0.5
analcatdata_broadwaymult.arff,0.8141,0.778384,0.7245654,0.8268676,0.7936,0.7807,0.7856,0.6874,0,0.4084,0.807839,0.7939,0.7936,0.7496437,0.7809243,0.8268676,0.3598,0.8268676,0.8268676,0.4869,0.7477,0.809488,0.7477,0.5,0.5,0.7509498,0.5
analcatdata_creditscore.arff,0.9871,0.9952381,0.9928571,0.9928571,0.9967,0.9632,0.9871,0.9871,0,0.9795,0.9928571,0.9272,0.9909,0.9928571,0.9928571,0.9928571,0.9866,0.9857143,0.9857143,0.9871,0.6139,0.9928571,0.6071,0.5,0.5,0.9928571,0.5
analcatdata_dmft.arff,0.5572,0.5553141,0.4956252,0.5,0.4907,0.4948,0.5378,0.4863,0,0.5565,0.5523743,0.5328,0.578,0.5,0.5303291,0.5130198,0.4963,0.5,0.5111588,0.4922,0.5,0.4977005,0.5,0.5,0.5,0.5017708,0.5
analcatdata_draft.arff,0.6171,0.6537285,0.4759803,0.5,0.6407,0.6425,0.4716,0.4716,0,0.6446,0.6442737,0.6383,0.6415,0.5,0.5,0.6566697,0.6462,0.5,0.6566697,0.4716,0.5,0.4916887,0.5,0.5,0.5,0.5,0.5
analcatdata_gsssexsurvey.arff,0.437,0.5600429,0.5586539,0.5253204,0.4264,0.4259,0.4969,0.5068,0,0.4146,0.5590013,0.4478,0.4266,0.5669871,0.5669871,0.5517096,0.4251,0.5086538,0.5517096,0.5164,0.5165,0.5419871,0.5308,0.5,0.5,0.559375,0.5
analcatdata_halloffame.arff,0.9506,0.953579,0.8516195,0.94366,0.9488,0.7962,0.8208,0.7826,0,0.9527,0.946291,0.8936,0.949,0.6932951,0.8801289,0.8882195,0.9466,0.9483487,0.7745925,0.8925,0.7707,0.9547688,0.7498,0.5,0.5,0.5314103,0.5
analcatdata_lawsuit.arff,0.9657,0.9855417,0.9544167,0.9865417,0.9847,0.9596,0.946,0.9426,0,0.9918,0.9907083,0.9921,0.9828,0.7794167,0.9688334,0.973,0.9698,0.9834167,0.973,0.9433,0.8117,0.9959167,0.5526,0.5,0.5,0.4958333,0.5
analcatdata_marketing.arff,0.5087,0.507072,0.5239861,0.4759874,0.4762,0.5288,0.5084,0.52,0,0.5208,0.4932323,0.5237,0.5076,0.4844622,0.5745909,0.5310313,0.5551,0.5138194,0.5286457,0.4617,0.5274,0.4988864,0.5133,0.5,0.5,0.4980675,0.5
analcatdata_michiganacc.arff,0.8151,0.8120833,0.6225001,0.73625,0.816,0.6618,0.624,0.6878,0,0.7939,0.8183334,0.7743,0.8156,0.7350001,0.6783335,0.7095833,0.7608,0.7787499,0.6583333,0.5738,0.7167,0.7979167,0.725,0.5,0.5,0.7058333,0.5
analcatdata_neavote.arff,0.2788,0,0,0,0.3556,0.2949,0.3387,0.3387,0,0.3187,0,0.5346,0.2926,0,0,0,0.3548,0,0,0.3387,0.5,0,0.5,0,0,0,0
analcatdata_reviewer.arff,0.488,0.5,0.5,0.5,0.488,0.488,0.488,0.488,0,0.488,0.5,0.4931,0.488,0.5,0.5,0.5,0.4908,0.5,0.5,0.488,0.5,0.5,0.5,0.5,0.5,0.5,0.5
analcatdata_seropositive.arff,0.9754,0.9080556,0.8308333,0.8363888,0.9618,0.9601,0.9295,0.9393,0,0.9724,0.9733333,0.9446,0.9613,0.8440277,0.9184722,0.9070832,0.9741,0.9669444,0.9070832,0.9328,0.9014,0.9736112,0.8529,0.5,0.5,0.9244443,0.5
analcatdata_supreme.arff,0.9979,0.9907687,0.9859359,0.9899604,0.9825,0.9992,0.9819,0.9855,0,0.9927,0.9971664,0.9894,0.9858,0.9859359,0.9913266,0.9940655,0.9989,0.9889192,0.9915301,0.9854,0.9846,0.9934077,0.985,0.5,0.5,0.5,0.5
analcatdata_vineyard.arff,0.8818,0.8694277,0.6166302,0.8805815,0.883,0.8858,0.9005,0.879,0,0.8237,0.8689789,0.7864,0.865,0.7492951,0.9143863,0.8469415,0.9471,0.8746932,0.8469415,0.8912,0.7433,0.8302975,0.7433,0.5,0.5,0.5730495,0.5
analcatdata_wildcat.arff,0.7629,0.8066288,0.7445456,0.800587,0.779,0.7496,0.6752,0.6603,0,0.7888,0.7731438,0.7948,0.8111,0.600303,0.7737688,0.7928976,0.8162,0.8277275,0.7618939,0.7903,0.5805,0.7597538,0.5552,0.5,0.5,0.660606,0.5
anneal.arff,0.9503,0.8726751,0.6188029,0.8862142,0.6253,0.9729,0.9802,0.8942,0,0.558,0.9061893,0.733,0.7229,0.62811,0.9267957,0.9576477,0.9898,0.9377358,0.9388415,0.9327,0.4901,0.577985,0.4937,0.5,0.5,0.5275868,0.5
AP_Breast_Kidney.arff,0.98,0.9801487,0.9629507,0.9718326,0.9682,0.9735,0.9314,0.946,0,0.9745,0.9934567,0.9808,0.9722,0.9653683,0.9573854,0.9874257,0.9921,0.9869651,0.9416127,0.9669,0.9677,0.9863962,0.9725,0.5,0.5,0.9642825,0.5
AP_Breast_Omentum.arff,0.9478,0.9650503,0.9084453,0.9488775,0.9511,0.925,0.8858,0.9124,0,0.94,0.979438,0.9732,0.9498,0.9162079,0.9386502,0.9733539,0.983,0.9832615,0.8988129,0.9246,0.9444,0.9855433,0.9523,0.5,0.5,0.9363198,0.5
AP_Breast_Prostate.arff,0.9855,0.9785714,0.9742015,0.9775209,0.9855,0.9883,0.9911,0.9696,0,0.9964,0.9918067,0.9994,0.9855,0.9842856,0.982773,0.9922269,0.9992,0.9989496,0.9515826,0.9812,0.9811,0.9995798,0.9841,0.5,0.5,0.9813866,0.5
AP_Colon_Kidney.arff,0.9906,0.9905504,0.9549166,0.9841889,0.9745,0.9882,0.9639,0.9572,0,0.9846,0.9977075,0.9867,0.9726,0.9552529,0.9679281,0.99627,0.9982,0.994991,0.9675256,0.964,0.9741,0.9982286,0.976,0.5,0.5,0.9685723,0.5
AP_Colon_Omentum.arff,0.9465,0.9671953,0.8990148,0.9134392,0.9265,0.9037,0.933,0.9193,0,0.876,0.974084,0.9521,0.9223,0.8987071,0.8906712,0.9776861,0.9863,0.9743688,0.890856,0.899,0.9093,0.9621768,0.8981,0.5,0.5,0.9017397,0.5
AP_Colon_Ovary.arff,0.9736,0.9733708,0.922935,0.9765605,0.9482,0.9197,0.9096,0.9429,0,0.9399,0.9786846,0.9599,0.9483,0.9241788,0.9483921,0.9808107,0.9858,0.9833867,0.8992644,0.9246,0.9171,0.9770387,0.9341,0.5,0.5,0.9327328,0.5
AP_Colon_Prostate.arff,0.9765,0.9835034,0.9757184,0.9873299,0.9837,0.969,0.9604,0.9635,0,0.9748,0.9979592,0.9854,0.9837,0.9614327,0.9649425,0.9906961,0.9987,0.9750206,0.9437602,0.9625,0.9713,0.9955313,0.973,0.5,0.5,0.9782459,0.5
AP_Endometrium_Breast.arff,0.9638,0.9902381,0.9108263,0.9383332,0.9792,0.9619,0.8854,0.9203,0,0.9847,0.9834384,0.9877,0.9778,0.9191597,0.9389426,0.984888,0.9904,0.9810294,0.8851401,0.9101,0.9643,0.9932072,0.9725,0.5,0.5,0.9427731,0.5
AP_Endometrium_Lung.arff,0.9523,0.984745,0.9076464,0.9324482,0.955,0.9647,0.8361,0.8912,0,0.9532,0.9763583,0.966,0.9508,0.8355311,0.8750457,0.9889423,0.9867,0.9690705,0.8673534,0.9031,0.9598,0.9632784,0.9598,0.5,0.5,0.938141,0.5
AP_Endometrium_Prostate.arff,0.9928,1,0.9928571,0.9928571,0.9928,0.9928,0.9918,0.9918,0,0.9928,1,0.9998,0.9928,0.9928571,0.9845238,1,0.9995,1,0.9499998,0.9498,0.9928,0.9928571,0.9928,0.5,0.5,0.9761905,0.5
AP_Lung_Uterus.arff,0.9522,0.9727563,0.9413459,0.974359,0.9397,0.9323,0.9426,0.9311,0,0.949,0.989423,0.9655,0.9476,0.9413459,0.9455127,0.9842949,0.9842,0.9717948,0.9035256,0.9166,0.9361,0.9660256,0.94,0.5,0.5,0.9314102,0.5
AP_Omentum_Kidney.arff,0.9595,0.9870192,0.970673,0.9849931,0.98,0.9684,0.9483,0.9301,0,0.9766,0.998077,0.996,0.982,0.9529533,0.9543954,0.9973558,0.9978,0.9949519,0.880563,0.968,0.9709,0.9975962,0.9709,0.5,0.5,0.9721153,0.5
AP_Omentum_Lung.arff,0.9421,0.9744047,0.9111949,0.9486263,0.9249,0.9101,0.8782,0.8758,0,0.9104,0.9779647,0.9552,0.9369,0.9265565,0.8953982,0.9786344,0.981,0.9792697,0.8501144,0.8867,0.9087,0.9365957,0.9177,0.5,0.5,0.930666,0.5
AP_Omentum_Ovary.arff,0.8114,0.8782848,0.7165507,0.7931673,0.7243,0.6614,0.6769,0.7293,0,0.5948,0.839476,0.7117,0.7247,0.720423,0.6388087,0.8522628,0.8792,0.8898567,0.6703195,0.8371,0.6804,0.8484962,0.693,0.5,0.5,0.7335268,0.5
AP_Omentum_Uterus.arff,0.929,0.958734,0.8983745,0.8983288,0.8911,0.8862,0.7933,0.8269,0,0.9049,0.9506467,0.9177,0.8777,0.8725503,0.8333161,0.9479796,0.9692,0.956811,0.7940935,0.8542,0.8777,0.9388851,0.8697,0.5,0.5,0.8735004,0.5
AP_Ovary_Uterus.arff,0.9564,0.9607356,0.8513799,0.8832979,0.8689,0.8727,0.8184,0.8669,0,0.8204,0.9401063,0.9231,0.862,0.8111876,0.8589676,0.9585315,0.9739,0.9442408,0.8274123,0.875,0.888,0.9329808,0.8981,0.5,0.5,0.8694332,0.5
AP_Prostate_Kidney.arff,0.9836,0.9981684,0.9716117,0.9724816,0.9836,0.987,0.9763,0.9675,0,0.9919,0.9994505,0.9957,0.9836,0.9735347,0.9787545,0.9902473,0.9989,0.9842491,0.9482601,0.9688,0.9817,0.991575,0.9817,0.5,0.5,0.9858974,0.5
AP_Prostate_Uterus.arff,0.9855,1,0.9928571,0.9928571,0.9928,0.9977,0.9887,0.9855,0,0.9885,0.9928571,0.9988,0.9928,0.9928571,0.970238,0.9857143,0.9975,0.9857143,0.9672618,0.9771,0.9928,0.997619,0.9928,0.5,0.5,0.981868,0.5
AP_Uterus_Kidney.arff,0.9921,0.9892011,0.9692305,0.9865753,0.9725,0.9781,0.9666,0.9678,0,0.9874,0.9985207,0.9932,0.9744,0.9403845,0.9577417,0.9938487,0.9984,0.9880054,0.9314103,0.9641,0.9883,0.9937623,0.9842,0.5,0.5,0.9740384,0.5
ar1.arff,0.5972,0,0,0,0.4742,0.7966,0.4271,0.5114,0,0.6761,0,0.5476,0.5655,0,0,0,0.6731,0,0,0.4425,0.5,0,0.5,0,0,0,0
ar4.arff,0.7753,0.8118055,0.729861,0.6388889,0.7526,0.6477,0.7509,0.6503,0,0.8103,0.8583332,0.6466,0.7543,0.6409721,0.831597,0.7916666,0.771,0.8336806,0.7437499,0.5925,0.6385,0.8690972,0.5885,0.5,0.5,0.5881944,0.5
ar6.arff,0.5128,0.4819444,0.5513888,0.4881944,0.4256,0.474,0.4229,0.4826,0,0.6128,0.5996527,0.4965,0.488,0.5819444,0.5621526,0.5819443,0.5105,0.4593749,0.5055554,0.3911,0.5333,0.6041666,0.5333,0.5,0.5,0.6468749,0.5
arsenic-female-bladder.arff,0.7603,0.7729306,0.6943705,0.6168716,0.7087,0.6235,0.5613,0.5281,0,0.7655,0.794182,0.7064,0.8044,0.5489583,0.7561033,0.6580981,0.7406,0.7531361,0.6436614,0.707,0.5604,0.6902814,0.5542,0.5,0.5,0.4810561,0.5
arsenic-female-lung.arff,0.8796,0.8865741,0.85,0.8865741,0.8309,0.8444,0.4651,0.7368,0,0.8827,0.9166666,0.7791,0.7451,0.85,0.5481481,0.8939814,0.875,0.8462962,0.8939814,0.8919,0.8421,0.8,0.8421,0.5,0.5,0.8,0.5
arsenic-male-bladder.arff,0.8483,0.8323725,0.7583333,0.832058,0.8144,0.8213,0.4477,0.676,0,0.8458,0.8570317,0.8161,0.8369,0.7583333,0.5009259,0.8346873,0.8458,0.7925577,0.8346873,0.8453,0.7708,0.7583333,0.7708,0.5,0.5,0.7416666,0.5
arsenic-male-lung.arff,1,1,1,1,1,1,0.4172,1,0,1,1,1,1,1,0.5,1,1,1,1,1,1,1,1,0.5,0.5,0.5683671,0.5
audiology.arff,0.983,0.9719607,0.8966912,0.9728431,0.9693,0.975,0.9405,0.9108,0,0.9331,0.98,0.9636,0.986,0.8966912,0.9681739,0.9526164,0.9681,0.9690195,0.9542158,0.9644,0.9296,0.9722548,0.9267,0.5,0.5,0.9390196,0.5
auto_price.arff,0.9758,1,0.9537878,0.9801514,0.9887,0.9309,0.9549,0.9302,0,0.9533,1,0.9841,0.9898,0.9437878,0.9616666,0.9866667,0.994,0.9981818,0.9254545,0.9265,0.9394,0.9818182,0.9397,0.5,0.5,0.515,0.5
autoHorse.arff,0.9961,0.9782274,0.8529913,0.9757479,0.9457,0.9453,0.9687,0.966,0,0.9688,0.9877314,0.9524,0.9584,0.8784186,0.9537037,0.9974537,0.9972,0.9844908,0.9457797,0.9562,0.893,0.9635862,0.8667,0.5,0.5,0.8573451,0.5
autoMpg.arff,0.9616,0.9711207,0.8889704,0.9298177,0.9651,0.9019,0.9237,0.8974,0,0.954,0.9634265,0.931,0.9649,0.8574476,0.8879168,0.9349416,0.9628,0.9672798,0.8863199,0.9224,0.8987,0.9664355,0.8868,0.5,0.5,0.5,0.5
autoPrice.arff,0.9758,1,0.9537878,0.9801514,0.9887,0.9309,0.9549,0.9302,0,0.9533,1,0.9841,0.9898,0.9437878,0.9616666,0.9866667,0.994,0.9981818,0.9254545,0.9265,0.9394,0.9818182,0.9397,0.5,0.5,0.515,0.5
autos.arff,0.913,0.8605573,0.7045002,0.8415031,0.822,0.9405,0.9564,0.8497,0,0.8663,0.8686094,0.8725,0.8219,0.8404762,0.9129841,0.9419088,0.9474,0.913383,0.8981096,0.8543,0.8152,0.8319207,0.8188,0.5,0.5,0.5,0.5
backache.arff,0.6258,0.7018055,0.7045833,0.6579862,0.6321,0.5421,0.5394,0.504,0,0.5785,0.7042361,0.6077,0.6662,0.496875,0.6229513,0.5903819,0.5435,0.6402084,0.5133681,0.4796,0.5071,0.6978125,0.4968,0.5,0.5,0.5872569,0.5
badges2.arff,1,1,1,1,1,1,1,1,0,1,1,1,1,1,1,1,1,0.9988095,0.997619,1,1,1,1,0.5,0.5,0.5,0.5
balance-scale.arff,0.9997,0.8926505,0.6058807,0.881535,0.9948,0.9797,0.8237,0.8817,0,0.9806,0.9803722,0.9764,0.9946,0.6100907,0.8935821,0.9256115,0.9751,0.9380948,0.8670084,0.8905,0.9494,0.9882021,0.9277,0.5,0.5,0.948234,0.5
balloon.arff,0.9987,0.8943219,0.7805976,0.9064305,0.9641,0.9873,0.9935,0.9825,0,0.9742,0.9816932,0.9725,0.8894,0.6933819,0.9878216,0.9870368,0.9995,0.9298501,0.9870368,0.9902,0.877,0.9748718,0.8062,0.5,0.5,0.5,0.5
bank32nh.arff,0.8671,0.869281,0.670633,0.8566688,0.8734,0.6852,0.8155,0.7578,0,0.8865,0.8633312,0.8718,0.8684,0.6510163,0.841717,0.8405386,0.8696,0.861755,0.6998592,0.8338,0.7578,0.8863561,0.7534,0.5,0.5,0.7693151,0.5
bank8FM.arff,0.9836,0.9769939,0.7576754,0.9779318,0.9811,0.9032,0.9618,0.9412,0,0.9872,0.9741013,0.9858,0.973,0.7570939,0.9752688,0.9692854,0.9836,0.9711134,0.9102729,0.9691,0.9336,0.9877458,0.9294,0.5,0.5,0.9371504,0.5
biomed.arff,0.968,0.9432987,0.7692209,0.8902178,0.9484,0.7871,0.8745,0.8677,0,0.9596,0.9602533,0.934,0.9487,0.8283652,0.8874117,0.9482143,0.9596,0.9469093,0.8541208,0.8556,0.8568,0.9663856,0.8568,0.5,0.5,0.7518642,0.5
bodyfat.arff,0.996,0.9980769,0.9961538,0.9961538,0.9996,0.9784,0.9961,0.996,0,0.9996,0.9961538,0.9997,0.987,0.9923076,0.9961538,0.9923076,0.9958,0.9728551,0.9923076,0.9912,0.9679,1,0.9517,0.5,0.5,0.5,0.5
boston.arff,0.9227,0.9314468,0.8032964,0.9166893,0.867,0.7947,0.8537,0.8606,0,0.9294,0.9231302,0.9224,0.9301,0.8354311,0.9089043,0.8810397,0.9105,0.9253588,0.8154351,0.8869,0.8682,0.9329054,0.8617,0.5,0.5,0.8480707,0.5
boston_corrected.arff,0.9447,0.9298144,0.8107909,0.9213941,0.9196,0.8245,0.8627,0.8604,0,0.9371,0.9368971,0.9207,0.9196,0.7924372,0.8897681,0.9103116,0.9446,0.9361631,0.8345019,0.9152,0.8613,0.9394675,0.8587,0.5,0.5,0.7454858,0.5
breast-cancer.arff,0.6369,0.6929167,0.6491667,0.7088592,0.684,0.6601,0.5861,0.633,0,0.6367,0.6637599,0.6831,0.684,0.5449208,0.5632638,0.6208432,0.6291,0.6646577,0.61813,0.5902,0.5532,0.6990426,0.5446,0.5,0.5,0.6523612,0.5
breastTumor.arff,0.6478,0.6386795,0.5873774,0.5451594,0.6415,0.5687,0.4808,0.5588,0,0.6085,0.6544272,0.5991,0.6415,0.5791665,0.5734529,0.5660079,0.5601,0.6311735,0.5714,0.5545,0.5929,0.6171874,0.6269,0.5,0.5,0.5478861,0.5
breast-w.arff,0.9908,0.9920922,0.930349,0.9879818,0.9788,0.9766,0.9589,0.9661,0,0.9939,0.9918027,0.9703,0.9798,0.9080919,0.9704591,0.9880859,0.9917,0.9875314,0.9367981,0.9634,0.9619,0.9933677,0.963,0.5,0.5,0.9212079,0.5
bridges.arff,0.8808,0.8963095,0.7483335,0.8611905,0.8608,0.8662,0.8203,0.8276,0,0.7266,0.9164286,0.7132,0.8626,0.5,0.8670238,0.8294048,0.8575,0.9042857,0.6233334,0.4567,0.7251,0.7483335,0.7251,0.5,0.5,0.5208333,0.5
cal_housing.arff,0.8796,0.8861396,0.7293954,0.8939995,0.8283,0.7528,0.871,0.8158,0,0.8319,0.8623573,0.8283,0.8203,0.7227415,0.8794987,0.7524761,0.8713,0.8654163,0.7524761,0.8751,0.7461,0.8318997,0.7434,0.5,0.5,0.7180979,0.5
car.arff,0.99,0.989828,0.7256198,0.9728038,0.9903,0.9999,0.977,0.9632,0,0.9915,0.9819954,0.9716,0.9903,0.674093,0.9960207,0.9960806,0.9982,0.975925,0.9206004,0.9835,0.9489,0.9900206,0.9548,0.5,0.5,0.9395806,0.5
cars.arff,0.943,0.9387673,0.8455513,0.9526391,0.9075,0.894,0.9328,0.9105,0,0.9191,0.9523897,0.9085,0.8957,0.8815064,0.9509026,0.9185634,0.9582,0.9545674,0.9185634,0.9472,0.8588,0.9271142,0.8366,0.5,0.5,0.5635422,0.5
chatfield_4.arff,0.9449,0.9563095,0.8874601,0.9411508,0.955,0.8972,0.8881,0.8919,0,0.9657,0.9541799,0.9405,0.9551,0.8552379,0.9104894,0.910132,0.9608,0.9553572,0.8331746,0.9159,0.9005,0.9637566,0.8428,0.5,0.5,0.537209,0.5
cholesterol.arff,0.5556,0.5765403,0.5568984,0.5533836,0.5632,0.531,0.5531,0.593,0,0.5597,0.587596,0.5629,0.5644,0.5568984,0.5734364,0.5663491,0.5296,0.5628304,0.5625121,0.552,0.556,0.5864445,0.556,0.5,0.5,0.566826,0.5
chscase_census2.arff,0.5049,0.4947368,0.4970926,0.4947368,0.519,0.5046,0.4847,0.5004,0,0.5164,0.5138735,0.4968,0.4987,0.4799687,0.4947368,0.5278602,0.4867,0.5032396,0.5278602,0.4917,0.497,0.5110943,0.5008,0.5,0.5,0.5363835,0.5
chscase_census3.arff,0.4739,0.5,0.5018922,0.5,0.4589,0.4299,0.492,0.5029,0,0.5267,0.4951808,0.5133,0.5026,0.4497557,0.5,0.4318333,0.4218,0.4765811,0.4318333,0.4803,0.4982,0.5212738,0.5,0.5,0.5,0.4992607,0.5
chscase_census5.arff,0.4875,0.5,0.5078822,0.5,0.4989,0.4644,0.4895,0.4891,0,0.5154,0.5151497,0.4947,0.5032,0.4877381,0.5,0.4643376,0.4561,0.4912406,0.4643376,0.4738,0.5,0.4795971,0.5,0.5,0.5,0.5,0.5
chscase_census6.arff,0.4492,0.5,0.4799927,0.5,0.4874,0.5022,0.4871,0.4883,0,0.4875,0.4522988,0.4853,0.4772,0.4603181,0.5,0.5166273,0.4821,0.4515313,0.5166273,0.5066,0.5,0.5069893,0.5,0.5,0.5,0.4833618,0.5
chscase_funds.arff,0.6506,0.6862808,0.6520834,0.6856635,0.6677,0.6064,0.5914,0.6037,0,0.6866,0.685571,0.6259,0.6704,0.5,0.6502932,0.6484491,0.6668,0.6892284,0.5722222,0.4796,0.6329,0.698102,0.6189,0.5,0.5,0.5,0.5
chscase_geyser1.arff,0.9084,0.8608516,0.854014,0.8779304,0.7841,0.9055,0.8285,0.8623,0,0.928,0.913595,0.9188,0.9261,0.8686965,0.854014,0.9042428,0.9223,0.9166438,0.9042428,0.8843,0.8695,0.9222375,0.8732,0.5,0.5,0.8566238,0.5
chscase_vine2.arff,0.885,0.8323038,0.6127979,0.8398131,0.8063,0.8909,0.9076,0.8484,0,0.5008,0.8609833,0.569,0.8064,0.7562248,0.891502,0.8485147,0.9409,0.8377777,0.8485147,0.8741,0.5,0.5219661,0.506,0.5,0.5,0.4961456,0.5
chscase_whale.arff,0.9782,0.9867423,0.9867423,0.9867423,0.9854,0.9782,0.9782,0.9782,0,0.9782,0.9867423,0.9782,0.9782,0.9867423,0.9867423,0.9867423,0.9782,0.9867423,0.9867423,0.9782,0.9872,0.9867423,0.9872,0.5,0.5,0.9867423,0.5
cleveland.arff,0.885,0.8946489,0.7200792,0.8386302,0.8891,0.775,0.81,0.8038,0,0.889,0.8843296,0.8601,0.8897,0.7245435,0.8392656,0.8263019,0.87,0.8896069,0.7929207,0.8051,0.8428,0.8913441,0.8336,0.5,0.5,0.5391141,0.5
cmc.arff,0.7434,0.7060476,0.5742972,0.7235515,0.7048,0.6691,0.7093,0.6956,0,0.6852,0.7434685,0.6914,0.7165,0.6325749,0.7201839,0.6842785,0.6963,0.7359835,0.6741826,0.7132,0.6135,0.6911517,0.6179,0.5,0.5,0.6344887,0.5
colic.arff,0.8634,0.8718814,0.8139106,0.8458691,0.8679,0.8603,0.8602,0.8377,0,0.8789,0.8832706,0.8823,0.9117,0.8132696,0.8613613,0.8558072,0.9155,0.886021,0.8453106,0.8812,0.8551,0.8744406,0.86,0.5,0.5,0.5,0.5
colleges_aaup.arff,0.9987,0.99848,0.9538249,0.9958097,0.9986,0.9819,0.9866,0.9641,0,0.9992,0.9986221,0.9794,0.9987,0.9305343,0.9849957,0.9903175,0.9986,0.9969123,0.9739671,0.9742,0.9826,0.9994316,0.9573,0.5,0.5,0.6672949,0.5
colleges_usnews.arff,0.7739,0.7721483,0.7061919,0.7646635,0.7516,0.616,0.692,0.7203,0,0.5651,0.7856115,0.4987,0.761,0.5021438,0.7076887,0.6819422,0.6905,0.7511018,0.6057356,0.4963,0.7013,0.7932916,0.7004,0.5,0.5,0.6010406,0.5
collins.arff,0.9926,0.9971727,0.8375,0.9821428,0.985,0.9033,0.9926,0.9794,0,0.8728,0.9821428,0.8601,1,0.985119,0.9925595,1,1,0.9928571,0.991369,0.9872,0.6241,0.8633928,0.5,0.5,0.5,0.5,0.5
cpu.arff,0.9975,0.9929167,0.8745833,0.9712917,0.9929,0.9741,0.9697,0.9474,0,0.9891,0.9988889,0.996,0.9944,0.6991666,0.9660417,0.9827084,0.9966,0.995,0.9554167,0.8945,0.9717,1,0.9057,0.5,0.5,0.5648055,0.5
cpu_act.arff,0.9716,0.966296,0.8143753,0.9610773,0.7789,0.8854,0.9215,0.9122,0,0.9771,0.9611622,0.9683,0.9577,0.8016963,0.9578616,0.9695698,0.9796,0.9745902,0.8799568,0.9533,0.9045,0.9766328,0.8879,0.5,0.5,0.7190729,0.5
cpu_small.arff,0.9652,0.9553595,0.7759232,0.952874,0.868,0.8415,0.9241,0.8921,0,0.9486,0.9542313,0.9311,0.9265,0.772732,0.9534295,0.9583307,0.9718,0.9648508,0.861917,0.9497,0.856,0.9449566,0.8449,0.5,0.5,0.7213629,0.5
credit-a.arff,0.9281,0.9228119,0.8620073,0.9145568,0.7665,0.8261,0.8847,0.8831,0,0.9244,0.9221655,0.8814,0.9045,0.8620073,0.8794952,0.8798419,0.9086,0.9198154,0.7846828,0.8774,0.8581,0.926978,0.8617,0.5,0.5,0.6566567,0.5
credit-g.arff,0.7529,0.7368808,0.6719048,0.7318809,0.7508,0.6784,0.7285,0.6478,0,0.755,0.7409525,0.7301,0.7503,0.5407142,0.7014763,0.6762144,0.7236,0.7462142,0.6597381,0.7244,0.6119,0.7518809,0.5748,0.5,0.5,0.5,0.5
cylinder-bands.arff,0.7515,0.8177738,0.6390986,0.6745984,0.6124,0.6837,0.4939,0.4572,0,0.7373,0.7232247,0.5038,0.7789,0.5481692,0.524274,0.7902812,0.7647,0.7006933,0.6169232,0.5685,0.7551,0.7570174,0.7439,0.5,0.5,0.5,0.5
datatrieve.arff,0.5978,0.4791666,0.698485,0.4958333,0.4339,0.6115,0.5195,0.6241,0,0.6291,0.698485,0.6345,0.6421,0.4958333,0.5375,0.6943184,0.5898,0.4958333,0.6943184,0.4553,0.5,0.5,0.5,0.5,0.5,0.5,0.5
delta_ailerons.arff,0.9618,0.9630447,0.935185,0.9579715,0.9273,0.9295,0.9338,0.9339,0,0.9652,0.963881,0.9503,0.9644,0.935502,0.9505597,0.9250679,0.9532,0.9566567,0.9103857,0.9512,0.9352,0.9606786,0.9363,0.5,0.5,0.9191657,0.5
delta_elevators.arff,0.9412,0.9380763,0.8347882,0.9394942,0.858,0.8356,0.9124,0.8998,0,0.941,0.9372752,0.9405,0.9385,0.8352354,0.9241321,0.9030198,0.9331,0.9383507,0.8283684,0.9253,0.878,0.9406873,0.8796,0.5,0.5,0.8600875,0.5
diabetes.arff,0.8249,0.7977338,0.6851082,0.7908119,0.819,0.6607,0.7838,0.7227,0,0.8214,0.8111794,0.8178,0.8214,0.6490968,0.7770128,0.7356666,0.8018,0.8144387,0.6437067,0.7868,0.7325,0.8246068,0.7132,0.5,0.5,0.521302,0.5
diggle_table_a2.arff,1,1,1,1,0.9954,0.9901,0.9966,0.9966,0,1,1,1,0.9845,1,0.9966667,1,1,1,1,1,0.9897,1,0.8862,0.5,0.5,0.5,0.5
disclosure_x_bias.arff,0.5298,0.5,0.4867828,0.5,0.5227,0.5276,0.4931,0.5467,0,0.5349,0.505429,0.5329,0.5429,0.4737021,0.5,0.504929,0.5397,0.4700951,0.504929,0.5073,0.4975,0.5095704,0.5,0.5,0.5,0.4936406,0.5
disclosure_x_noise.arff,0.5019,0.5,0.5244738,0.5,0.517,0.5422,0.4998,0.5091,0,0.5346,0.5058253,0.5177,0.5275,0.5182906,0.5015598,0.5333862,0.5197,0.5058042,0.5333862,0.4523,0.531,0.5336366,0.5323,0.5,0.5,0.5185733,0.5
disclosure_x_tampered.arff,0.4995,0.4939394,0.504916,0.4939394,0.5135,0.5296,0.4919,0.487,0,0.5253,0.4537514,0.5104,0.535,0.4985349,0.4939394,0.5442681,0.5328,0.4984864,0.5442681,0.4824,0.5246,0.5241496,0.5156,0.5,0.5,0.487426,0.5
disclosure_z.arff,0.5296,0.5,0.501091,0.5,0.5052,0.5226,0.4939,0.5357,0,0.5218,0.509505,0.5172,0.5338,0.5517599,0.5,0.5070395,0.5496,0.5379368,0.5070395,0.5131,0.5,0.5,0.5,0.5,0.5,0.5014286,0.5
echoMonths.arff,0.7731,0.8035714,0.7952381,0.7952381,0.7655,0.696,0.7509,0.7509,0,0.7908,0.7583333,0.784,0.7646,0.7952381,0.7952381,0.7392856,0.7562,0.7833334,0.7214285,0.7824,0.7973,0.7952381,0.7973,0.5,0.5,0.7404763,0.5
ecoli.arff,0.9848,0.9826598,0.8572994,0.983631,0.9862,0.942,0.9432,0.9675,0,0.9903,0.9856955,0.9834,0.9878,0.8573371,0.9722337,0.9739567,0.9851,0.9827413,0.9247933,0.9607,0.9661,0.9876315,0.9609,0.5,0.5,0.9396523,0.5
electricity.arff,0.832,0.8228357,0.7322204,0.8404994,0.6456,0.6915,0.8447,0.7854,0,0.8018,0.8308718,0.7831,0.795,0.7431121,0.8502481,0.8469522,0.8842,0.8427769,0.75052,0.848,0.7409,0.8012095,0.7368,0.5,0.5,0.7377315,0.5
elevators.arff,0.8172,0.8022937,0.7018977,0.8125026,0.7387,0.6808,0.7959,0.7406,0,0.8174,0.8146259,0.8142,0.7958,0.6927598,0.8194949,0.7798758,0.813,0.8184032,0.6784251,0.805,0.7024,0.8202715,0.7039,0.5,0.5,0.5133741,0.5
flags.arff,0.6365,0.663782,0.663782,0.5,0.6569,0.6365,0.4834,0.4834,0,0.6365,0.663782,0.6338,0.6374,0.5,0.5,0.5,0.4996,0.5,0.5,0.4834,0.5,0.663782,0.5,0.5,0.5,0.663782,0.5
fri_c0_100_10.arff,0.6539,0.5380833,0.5425,0.5083333,0.6473,0.6182,0.6398,0.6127,0,0.676,0.6101667,0.6816,0.6475,0.5533333,0.5208333,0.6037501,0.6141,0.5836667,0.6225001,0.557,0.6051,0.6496667,0.6323,0.5,0.5,0.656,0.5
fri_c0_100_25.arff,0.7818,0.716,0.64,0.712,0.8324,0.7,0.6646,0.6902,0,0.83,0.768,0.8284,0.8312,0.52,0.67,0.648,0.7798,0.73,0.65,0.7378,0.76,0.788,0.76,0.5,0.5,0.742,0.5
fri_c0_100_5.arff,0.8285,0.8085833,0.6141667,0.8104166,0.8833,0.6916,0.7097,0.6556,0,0.8527,0.8529166,0.8245,0.8837,0.5691667,0.7362501,0.7700833,0.8444,0.80425,0.7191666,0.7683,0.7987,0.8081666,0.7721,0.5,0.5,0.8089167,0.5
fri_c0_100_50.arff,0.7323,0.7026667,0.5841667,0.6666667,0.8051,0.5892,0.7211,0.7215,0,0.7895,0.805,0.7531,0.8059,0.6525,0.7205,0.6525,0.6887,0.7486667,0.6625,0.6509,0.7199,0.8031667,0.6889,0.5,0.5,0.8003333,0.5
fri_c0_1000_10.arff,0.9472,0.9121073,0.6821048,0.8877184,0.9376,0.8498,0.8544,0.8467,0,0.9076,0.9183309,0.9026,0.9375,0.656814,0.8690721,0.9325949,0.9517,0.9141686,0.8129916,0.8553,0.8386,0.9154088,0.8369,0.5,0.5,0.8526071,0.5
fri_c0_1000_25.arff,0.9547,0.9098307,0.709305,0.8967894,0.9458,0.857,0.8412,0.8616,0,0.91,0.9256319,0.9041,0.9458,0.6169191,0.8838034,0.9220722,0.9522,0.9217515,0.8137783,0.8744,0.8349,0.9030296,0.8319,0.5,0.5,0.8287798,0.5
fri_c0_1000_5.arff,0.951,0.9221887,0.6907223,0.8912875,0.9467,0.851,0.8529,0.8561,0,0.9177,0.9244681,0.9164,0.9467,0.6680556,0.8834642,0.9375931,0.9553,0.9299111,0.836042,0.8699,0.8422,0.9206288,0.844,0.5,0.5,0.8601006,0.5
fri_c0_1000_50.arff,0.9436,0.892917,0.6762504,0.8745299,0.934,0.8639,0.8658,0.8595,0,0.9021,0.917367,0.8959,0.934,0.6479792,0.889956,0.9304122,0.9599,0.9192477,0.8136455,0.8815,0.8264,0.90004,0.8308,0.5,0.5,0.8344537,0.5
fri_c0_250_10.arff,0.8652,0.8384614,0.7317306,0.8317308,0.8801,0.712,0.7981,0.8191,0,0.8606,0.8983974,0.8588,0.8801,0.6769231,0.8375001,0.8358974,0.8613,0.888141,0.7625001,0.8001,0.792,0.8782052,0.792,0.5,0.5,0.7878205,0.5
fri_c0_250_25.arff,0.9037,0.8365385,0.6567307,0.8179487,0.8441,0.7641,0.8211,0.82,0,0.8751,0.8881411,0.852,0.9027,0.6096153,0.8483974,0.9038463,0.927,0.8711539,0.8525641,0.79,0.8042,0.8833332,0.8002,0.5,0.5,0.8160257,0.5
fri_c0_250_5.arff,0.904,0.8339742,0.6256411,0.8173077,0.8993,0.8,0.813,0.8431,0,0.8716,0.8868589,0.8569,0.8989,0.5403848,0.8333332,0.8243591,0.907,0.8400641,0.7416668,0.8035,0.788,0.874359,0.796,0.5,0.5,0.8240384,0.5
fri_c0_250_50.arff,0.8698,0.7573469,0.6799659,0.7295496,0.8923,0.7687,0.8396,0.7878,0,0.8934,0.8484473,0.8888,0.8917,0.6896229,0.7997795,0.8326134,0.8787,0.8252831,0.7482726,0.8247,0.8212,0.8829086,0.8158,0.5,0.5,0.8385615,0.5
fri_c0_500_10.arff,0.9033,0.8826357,0.6980578,0.8828771,0.8889,0.7392,0.8337,0.7957,0,0.8847,0.9094689,0.8764,0.8889,0.593891,0.8469777,0.86124,0.8856,0.8739852,0.7716026,0.8533,0.813,0.8947252,0.809,0.5,0.5,0.8310331,0.5
fri_c0_500_25.arff,0.9398,0.8449362,0.6529359,0.8217234,0.9337,0.8177,0.8125,0.8232,0,0.893,0.9123416,0.8747,0.9338,0.6956026,0.8264389,0.8784814,0.9394,0.8928068,0.7715,0.8048,0.8144,0.8890395,0.798,0.5,0.5,0.813236,0.5
fri_c0_500_5.arff,0.9159,0.8772744,0.7343718,0.8622313,0.9097,0.8219,0.8361,0.8393,0,0.8923,0.9055929,0.868,0.911,0.6601923,0.8452619,0.8850997,0.9312,0.8985491,0.8022179,0.8059,0.81,0.8995108,0.794,0.5,0.5,0.8202204,0.5
fri_c0_500_50.arff,0.9264,0.8824359,0.7140322,0.8673007,0.9133,0.7841,0.8633,0.8265,0,0.9173,0.9136774,0.903,0.9279,0.7001987,0.8397595,0.8814852,0.9163,0.8931852,0.7919616,0.8548,0.8522,0.9173662,0.8522,0.5,0.5,0.8629928,0.5
fri_c1_100_10.arff,0.8368,0.7363333,0.7266667,0.7510834,0.7017,0.8099,0.7389,0.7338,0,0.6909,0.84425,0.7354,0.7005,0.765,0.7676666,0.8116667,0.8788,0.8033333,0.8158334,0.7228,0.7734,0.7083333,0.7533,0.5,0.5,0.7393333,0.5
fri_c1_100_25.arff,0.832,0.7739166,0.7658333,0.7735833,0.5753,0.764,0.8324,0.7818,0,0.5472,0.8536667,0.655,0.5745,0.6449999,0.7845,0.7990001,0.884,0.7993333,0.7950001,0.8254,0.6269,0.6748334,0.6174,0.5,0.5,0.7431667,0.5
fri_c1_100_5.arff,0.7671,0.7663333,0.7300001,0.7423333,0.7402,0.6899,0.7402,0.7194,0,0.644,0.7418334,0.6364,0.7418,0.6916667,0.7670001,0.7487501,0.7958,0.8033334,0.7633334,0.7442,0.7051,0.578,0.6657,0.5,0.5,0.6939166,0.5
fri_c1_100_50.arff,0.6485,0.6188333,0.6233333,0.6188333,0.7011,0.6932,0.6045,0.6912,0,0.7074,0.7215833,0.6341,0.7015,0.6958334,0.6438333,0.685,0.7346,0.74975,0.685,0.6508,0.655,0.7623333,0.6461,0.5,0.5,0.744,0.5
fri_c1_1000_10.arff,0.9701,0.9299347,0.7284707,0.9391948,0.7361,0.8535,0.8973,0.9009,0,0.744,0.9291473,0.7509,0.739,0.7640932,0.9211377,0.9557973,0.9757,0.9328259,0.8741452,0.9149,0.6576,0.7482036,0.6674,0.5,0.5,0.6830381,0.5
fri_c1_1000_25.arff,0.9618,0.9197684,0.6912517,0.9312556,0.7062,0.8577,0.9003,0.8994,0,0.7126,0.9273067,0.7012,0.7118,0.737769,0.9146292,0.9393959,0.969,0.9298373,0.8837902,0.9212,0.6295,0.6731723,0.6286,0.5,0.5,0.6452555,0.5
fri_c1_1000_5.arff,0.9582,0.9126712,0.700669,0.9189226,0.7058,0.8678,0.893,0.9062,0,0.7045,0.9182399,0.677,0.7058,0.7120934,0.9168852,0.9529811,0.9767,0.9239065,0.8693281,0.9035,0.6343,0.6910897,0.6298,0.5,0.5,0.6411159,0.5
fri_c1_1000_50.arff,0.9727,0.9123551,0.7255504,0.9181641,0.7363,0.8419,0.899,0.9093,0,0.7291,0.9250805,0.7224,0.7432,0.7611865,0.9217413,0.9535361,0.9747,0.9408119,0.8600455,0.9139,0.645,0.7244909,0.6659,0.5,0.5,0.6692798,0.5
fri_c1_250_10.arff,0.9437,0.9188312,0.7448053,0.9178571,0.7299,0.8929,0.8766,0.8279,0,0.7373,0.9194805,0.7009,0.7303,0.7834415,0.8435065,0.9165585,0.9506,0.905844,0.8321428,0.8514,0.6474,0.7298703,0.6581,0.5,0.5,0.6967532,0.5
fri_c1_250_25.arff,0.9367,0.8817748,0.6634199,0.8954934,0.6613,0.8577,0.8452,0.8299,0,0.6341,0.8644891,0.7002,0.6613,0.7552382,0.8553852,0.9011905,0.9505,0.9101297,0.8238962,0.8843,0.5774,0.5766926,0.5623,0.5,0.5,0.6194892,0.5
fri_c1_250_5.arff,0.9463,0.9117882,0.7577589,0.8934898,0.7283,0.8912,0.8648,0.8353,0,0.7047,0.928484,0.7194,0.7281,0.8094322,0.8731644,0.9351732,0.9629,0.9239635,0.8802988,0.859,0.6464,0.64508,0.6434,0.5,0.5,0.6745672,0.5
fri_c1_250_50.arff,0.9573,0.92751,0.7545247,0.9155551,0.757,0.8651,0.8944,0.8614,0,0.7574,0.9339699,0.7028,0.7573,0.7695013,0.8581002,0.9511403,0.963,0.9492506,0.8582168,0.8498,0.6705,0.7766816,0.6689,0.5,0.5,0.7135032,0.5
fri_c1_500_10.arff,0.9531,0.9135534,0.7234339,0.909407,0.7271,0.8748,0.9089,0.8888,0,0.7333,0.9395131,0.7168,0.7325,0.7761332,0.9079971,0.9350535,0.9655,0.9406247,0.8674711,0.9015,0.6619,0.7411674,0.6666,0.5,0.5,0.6844791,0.5
fri_c1_500_25.arff,0.9487,0.9169334,0.682855,0.9281162,0.7571,0.8835,0.8426,0.851,0,0.7472,0.9168588,0.7187,0.7571,0.6968033,0.90431,0.9057572,0.9493,0.934309,0.8317409,0.8823,0.693,0.7234757,0.6913,0.5,0.5,0.7000558,0.5
fri_c1_500_5.arff,0.9446,0.9044685,0.7417137,0.8989262,0.7202,0.8888,0.876,0.8759,0,0.7244,0.8976241,0.7567,0.7201,0.7579362,0.8869874,0.9225168,0.9496,0.9285338,0.858382,0.8827,0.7115,0.6886125,0.7198,0.5,0.5,0.665311,0.5
fri_c1_500_50.arff,0.9369,0.8763605,0.7144843,0.8867849,0.6835,0.852,0.8778,0.8914,0,0.6659,0.893129,0.7248,0.6837,0.7581289,0.8812388,0.9084665,0.9486,0.9047372,0.8362512,0.8934,0.647,0.637647,0.652,0.5,0.5,0.6421649,0.5
fri_c2_100_10.arff,0.8933,0.8230833,0.7249999,0.7746667,0.7693,0.8071,0.7651,0.7283,0,0.7616,0.9042499,0.7986,0.7697,0.7641666,0.7420833,0.7966667,0.8925,0.8513333,0.7966667,0.7812,0.8141,0.7966666,0.8101,0.5,0.5,0.82125,0.5
fri_c2_100_25.arff,0.8166,0.8239167,0.7675001,0.7821668,0.8156,0.8164,0.7621,0.8297,0,0.807,0.8729167,0.8248,0.8154,0.7758333,0.7949167,0.78,0.8533,0.8398333,0.78,0.8048,0.8252,0.8145001,0.8427,0.5,0.5,0.8645,0.5
fri_c2_100_5.arff,0.8165,0.7562501,0.7250001,0.7020834,0.7133,0.6917,0.66,0.6808,0,0.7146,0.8333332,0.7342,0.7154,0.6791667,0.7479167,0.7583334,0.8054,0.7666667,0.7583334,0.7548,0.7792,0.7291665,0.7375,0.5,0.5,0.7833333,0.5
fri_c2_100_50.arff,0.8968,0.8541667,0.8283334,0.8941666,0.8292,0.9007,0.8237,0.8335,0,0.8165,0.9314167,0.8313,0.8288,0.8408334,0.8295,0.8908334,0.9181,0.8958333,0.8908334,0.8268,0.8715,0.8216666,0.892,0.5,0.5,0.8650833,0.5
fri_c2_1000_10.arff,0.9546,0.9254311,0.779844,0.931794,0.7342,0.8661,0.9065,0.9035,0,0.7409,0.9312193,0.7933,0.7342,0.7575123,0.9403119,0.9285098,0.9594,0.9448687,0.8706897,0.9224,0.7667,0.71523,0.7784,0.5,0.5,0.7592776,0.5
fri_c2_1000_25.arff,0.9642,0.9351854,0.7689994,0.9436372,0.7376,0.8928,0.9129,0.8959,0,0.743,0.9313923,0.8103,0.7377,0.7808784,0.9257293,0.9418676,0.9665,0.9377002,0.8820394,0.9176,0.7722,0.7192117,0.778,0.5,0.5,0.7185817,0.5
fri_c2_1000_5.arff,0.9696,0.9488312,0.8062047,0.952077,0.7761,0.8863,0.9221,0.9251,0,0.7904,0.9470239,0.8286,0.7762,0.7801491,0.9357344,0.9478029,0.9738,0.9444814,0.889041,0.9177,0.7829,0.7507729,0.786,0.5,0.5,0.7537298,0.5
fri_c2_1000_50.arff,0.9618,0.9314917,0.784373,0.9355304,0.7591,0.8344,0.9002,0.8871,0,0.7678,0.9280509,0.8096,0.7591,0.7658383,0.9178202,0.9390389,0.9694,0.9363629,0.8621209,0.9103,0.7501,0.7231719,0.7371,0.5,0.5,0.715644,0.5
fri_c2_250_10.arff,0.9366,0.9245834,0.8320831,0.903375,0.8012,0.8626,0.8758,0.858,0,0.8037,0.925,0.8331,0.8009,0.8238194,0.903139,0.8714582,0.9354,0.9245832,0.8641665,0.8719,0.8468,0.8133333,0.839,0.5,0.5,0.8238889,0.5
fri_c2_250_25.arff,0.9266,0.8862553,0.7814892,0.860527,0.5466,0.7615,0.8555,0.8223,0,0.7079,0.9038254,0.7695,0.7083,0.7727273,0.838191,0.8050741,0.909,0.8927322,0.7761904,0.8327,0.792,0.7069264,0.783,0.5,0.5,0.7856602,0.5
fri_c2_250_5.arff,0.9136,0.871104,0.7779222,0.8646104,0.7162,0.8448,0.8409,0.8822,0,0.7429,0.8866882,0.7806,0.716,0.784091,0.8574674,0.8071429,0.9262,0.8461039,0.8071429,0.8298,0.7977,0.7311688,0.8003,0.5,0.5,0.7714286,0.5
fri_c2_250_50.arff,0.891,0.8760198,0.7663211,0.8296912,0.6949,0.8172,0.8185,0.8185,0,0.6886,0.8743964,0.7573,0.6922,0.7929946,0.8247461,0.793003,0.8986,0.8779595,0.7734017,0.7744,0.787,0.6887114,0.7833,0.5,0.5,0.7723276,0.5
fri_c2_500_10.arff,0.9486,0.914741,0.7883118,0.9347104,0.7406,0.8739,0.9103,0.8999,0,0.7399,0.9331505,0.8135,0.7407,0.7820662,0.9297861,0.9057182,0.9613,0.9289259,0.8667301,0.8977,0.8033,0.7295902,0.808,0.5,0.5,0.774794,0.5
fri_c2_500_25.arff,0.9175,0.9017217,0.741081,0.9069073,0.6648,0.8256,0.856,0.8614,0,0.6675,0.91002,0.742,0.6648,0.7531564,0.866015,0.8238089,0.9163,0.8865108,0.8238089,0.8561,0.7406,0.6693479,0.7337,0.5,0.5,0.7228364,0.5
fri_c2_500_5.arff,0.9318,0.9014602,0.7928819,0.9120631,0.7214,0.8463,0.8711,0.8586,0,0.7308,0.9170275,0.7724,0.7235,0.8031118,0.893566,0.8687857,0.9286,0.8947775,0.8554926,0.8873,0.7383,0.7223868,0.7649,0.5,0.5,0.7375005,0.5
fri_c2_500_50.arff,0.9378,0.9120512,0.8050657,0.9214212,0.7713,0.8279,0.9099,0.9022,0,0.76,0.9229038,0.8362,0.7713,0.7746962,0.8896733,0.8679114,0.9514,0.9106434,0.8469417,0.8912,0.7902,0.7713867,0.7938,0.5,0.5,0.7872298,0.5
fri_c3_100_10.arff,0.6646,0.5416667,0.5583334,0.59375,0.5221,0.6042,0.6079,0.5971,0,0.6067,0.7291667,0.6192,0.6033,0.6958333,0.6854166,0.6375001,0.6435,0.7645833,0.6208334,0.5933,0.5083,0.6249999,0.5083,0.5,0.5,0.65,0.5
fri_c3_100_25.arff,0.7186,0.4666667,0.5500001,0.4666667,0.3842,0.6727,0.6242,0.6416,0,0.4869,0.7096667,0.5509,0.4162,0.6325,0.5733334,0.6616666,0.7475,0.6760833,0.6616666,0.6646,0.5,0.5085,0.5,0.5,0.5,0.4845834,0.5
fri_c3_100_5.arff,0.8218,0.7209166,0.5891667,0.68775,0.6128,0.6818,0.7045,0.6457,0,0.6274,0.8326667,0.6098,0.6138,0.6408334,0.7195833,0.764,0.7997,0.7460835,0.7241667,0.6516,0.582,0.6276666,0.5633,0.5,0.5,0.6228334,0.5
fri_c3_100_50.arff,0.9128,0.8669643,0.7619049,0.8324404,0.775,0.8514,0.8432,0.7383,0,0.7317,0.9252977,0.636,0.7767,0.8107142,0.817262,0.7892857,0.9177,0.8851191,0.7660715,0.8103,0.7037,0.7160714,0.6855,0.5,0.5,0.7928572,0.5
fri_c3_1000_10.arff,0.9572,0.9237826,0.7026786,0.9270089,0.6992,0.8781,0.9159,0.8746,0,0.7082,0.9298701,0.7016,0.7047,0.7383929,0.9207386,0.9412744,0.9664,0.938129,0.8574675,0.9197,0.6324,0.7128246,0.6492,0.5,0.5,0.654931,0.5
fri_c3_1000_25.arff,0.9683,0.937035,0.7008712,0.9464594,0.7278,0.8962,0.9274,0.9023,0,0.7294,0.9345034,0.7215,0.7278,0.7365782,0.9256146,0.9556294,0.9744,0.9463601,0.8817515,0.9205,0.6723,0.7326594,0.6749,0.5,0.5,0.6690666,0.5
fri_c3_1000_5.arff,0.9572,0.9144718,0.7053627,0.9257613,0.7124,0.8648,0.8759,0.894,0,0.7152,0.9190058,0.7071,0.7123,0.7259326,0.9134163,0.9257549,0.9618,0.9259612,0.845422,0.8995,0.6382,0.7159378,0.6428,0.5,0.5,0.6610749,0.5
fri_c3_1000_50.arff,0.9574,0.9149877,0.7153012,0.9322394,0.7335,0.8421,0.8911,0.8699,0,0.7265,0.9208682,0.7226,0.7145,0.74239,0.9116824,0.9428049,0.968,0.931158,0.8652687,0.8725,0.6548,0.7283062,0.6563,0.5,0.5,0.6914596,0.5
fri_c3_250_10.arff,0.9654,0.9293039,0.6855354,0.9164918,0.675,0.8625,0.8827,0.8802,0,0.6785,0.9553821,0.6628,0.6875,0.8108475,0.8694306,0.9170871,0.9647,0.9438228,0.8439602,0.8704,0.5776,0.7114053,0.5831,0.5,0.5,0.6456836,0.5
fri_c3_250_25.arff,0.9266,0.8777306,0.7259157,0.8628536,0.6954,0.8236,0.8617,0.8199,0,0.6876,0.9076216,0.6495,0.6954,0.7536174,0.8453505,0.8938145,0.91,0.9122043,0.8671912,0.8509,0.6038,0.6736432,0.5912,0.5,0.5,0.6651556,0.5
fri_c3_250_5.arff,0.9159,0.8776537,0.7437445,0.8946668,0.7429,0.8413,0.8379,0.8334,0,0.7321,0.8969395,0.7273,0.7292,0.7579654,0.8965109,0.8929566,0.9212,0.889368,0.77658,0.8,0.6476,0.7493074,0.6586,0.5,0.5,0.7179914,0.5
fri_c3_250_50.arff,0.9533,0.8989998,0.6983333,0.9102553,0.6562,0.8335,0.8868,0.8353,0,0.6775,0.9185496,0.6281,0.6826,0.7902598,0.8605586,0.9247012,0.9494,0.9250519,0.8389827,0.85,0.638,0.6730389,0.6288,0.5,0.5,0.6430605,0.5
fri_c3_500_10.arff,0.9587,0.9215575,0.687921,0.9262325,0.6975,0.9083,0.8805,0.8454,0,0.7013,0.9222088,0.6875,0.6975,0.715558,0.9041666,0.9296802,0.9645,0.9355245,0.8443846,0.9045,0.6319,0.7092801,0.629,0.5,0.5,0.6509958,0.5
fri_c3_500_25.arff,0.9559,0.9008115,0.7181819,0.9037337,0.7072,0.8714,0.8819,0.8678,0,0.716,0.9174512,0.7125,0.7073,0.7553572,0.879789,0.935552,0.9598,0.9340098,0.8509741,0.8774,0.6289,0.7139611,0.6289,0.5,0.5,0.6584415,0.5
fri_c3_500_5.arff,0.9447,0.8997581,0.6874358,0.8989397,0.6575,0.8706,0.8711,0.863,0,0.6989,0.9170388,0.6569,0.6675,0.7377819,0.8759398,0.9219823,0.9478,0.9172247,0.8467894,0.8744,0.6428,0.6972399,0.6437,0.5,0.5,0.6579203,0.5
fri_c3_500_50.arff,0.9479,0.8892325,0.6164596,0.9000364,0.7259,0.8828,0.8662,0.8566,0,0.7111,0.9010766,0.7061,0.7277,0.7743711,0.8579573,0.9319787,0.961,0.9294467,0.8514667,0.8525,0.654,0.7099437,0.651,0.5,0.5,0.6757045,0.5
fri_c4_100_10.arff,0.7748,0.7528333,0.7566667,0.7846667,0.6929,0.6776,0.7457,0.669,0,0.6845,0.787,0.7555,0.6933,0.6983333,0.75525,0.715,0.8099,0.7690833,0.715,0.7158,0.7202,0.6846667,0.6977,0.5,0.5,0.7004166,0.5
fri_c4_100_100.arff,0.7929,0.8165,0.7941666,0.8081666,0.7963,0.6305,0.7973,0.7425,0,0.7961,0.79175,0.7762,0.7953,0.7941666,0.776,0.6658333,0.7788,0.812,0.6658333,0.7826,0.7403,0.8105,0.7509,0.5,0.5,0.7788334,0.5
fri_c4_100_25.arff,0.8835,0.8160833,0.66,0.8348334,0.7717,0.7862,0.7355,0.7252,0,0.7335,0.8969167,0.7069,0.7721,0.78,0.8213334,0.8165833,0.9404,0.8469167,0.7241667,0.6729,0.653,0.7391667,0.6546,0.5,0.5,0.7769168,0.5
fri_c4_100_50.arff,0.8381,0.7869167,0.6400001,0.7869167,0.6138,0.6818,0.7841,0.7192,0,0.653,0.8459999,0.6565,0.6165,0.7950001,0.7626667,0.7083334,0.8062,0.8025833,0.7083334,0.7202,0.6063,0.5526667,0.5162,0.5,0.5,0.5615,0.5
fri_c4_1000_10.arff,0.9599,0.9254261,0.7086038,0.9354505,0.7075,0.8649,0.9026,0.8777,0,0.7131,0.925406,0.7054,0.7075,0.7736201,0.9092329,0.9334011,0.9601,0.9289165,0.8620942,0.9175,0.6313,0.703409,0.631,0.5,0.5,0.6471997,0.5
fri_c4_1000_100.arff,0.9684,0.9384371,0.7075538,0.9513531,0.7133,0.9094,0.9343,0.899,0,0.7225,0.9374657,0.7181,0.7143,0.7823077,0.9388187,0.9491252,0.9747,0.9490232,0.8886069,0.9089,0.6452,0.7257571,0.6524,0.5,0.5,0.6587886,0.5
fri_c4_1000_25.arff,0.9575,0.9147267,0.674118,0.9283855,0.6963,0.8774,0.9052,0.8674,0,0.6979,0.9298611,0.6951,0.6964,0.7384035,0.9148628,0.9273408,0.9573,0.9416856,0.8612546,0.8837,0.642,0.696973,0.6373,0.5,0.5,0.6559622,0.5
fri_c4_1000_50.arff,0.9582,0.9135552,0.7062499,0.9244926,0.7094,0.8726,0.9002,0.886,0,0.7188,0.9086241,0.7082,0.7034,0.7645292,0.9067574,0.9291802,0.9625,0.9340707,0.8504058,0.8935,0.6427,0.7168833,0.6334,0.5,0.5,0.6647726,0.5
fri_c4_250_10.arff,0.9225,0.8821845,0.6470029,0.8531134,0.7143,0.8093,0.8222,0.7839,0,0.6976,0.9043124,0.6712,0.7083,0.6879204,0.8418998,0.9026306,0.9203,0.9035423,0.7892109,0.8089,0.6541,0.6998502,0.6578,0.5,0.5,0.6763529,0.5
fri_c4_250_100.arff,0.9356,0.9068181,0.6688313,0.8688311,0.7348,0.8331,0.7975,0.8472,0,0.7086,0.9097402,0.7281,0.7351,0.7668831,0.8402597,0.900974,0.944,0.8977271,0.7873376,0.8219,0.6302,0.712987,0.6328,0.5,0.5,0.6957793,0.5
fri_c4_250_25.arff,0.9358,0.8999625,0.7238678,0.8964702,0.712,0.816,0.8698,0.8301,0,0.7031,0.9132534,0.7056,0.7191,0.8002747,0.8558815,0.9395605,0.9454,0.9219529,0.8427199,0.868,0.6182,0.6259824,0.6079,0.5,0.5,0.6642106,0.5
fri_c4_250_50.arff,0.8985,0.8655386,0.7362846,0.8469406,0.6679,0.7728,0.7743,0.7583,0,0.6185,0.8573345,0.7179,0.6435,0.756223,0.8031635,0.8494797,0.9004,0.857251,0.7632534,0.7887,0.6625,0.6451799,0.6699,0.5,0.5,0.6816682,0.5
fri_c4_500_10.arff,0.9579,0.9049272,0.6625832,0.897141,0.7038,0.8647,0.8456,0.8337,0,0.7125,0.9195768,0.6939,0.7104,0.7404605,0.8711811,0.9148784,0.9517,0.921292,0.8322748,0.8465,0.6553,0.7142539,0.655,0.5,0.5,0.6596149,0.5
fri_c4_500_100.arff,0.9568,0.9146169,0.741174,0.9282692,0.7483,0.8733,0.884,0.8758,0,0.7454,0.9327166,0.7239,0.7485,0.7830666,0.8871986,0.9185382,0.9593,0.9334677,0.849248,0.8872,0.644,0.7186689,0.65,0.5,0.5,0.680358,0.5
fri_c4_500_25.arff,0.9427,0.9026338,0.744697,0.8888481,0.7278,0.8207,0.895,0.8532,0,0.7206,0.9005962,0.7213,0.728,0.7898362,0.8755308,0.8866697,0.9404,0.8999151,0.8320066,0.8826,0.6198,0.7251996,0.6434,0.5,0.5,0.6802024,0.5
fri_c4_500_50.arff,0.9535,0.8999145,0.6501548,0.9081069,0.7105,0.8558,0.8683,0.8494,0,0.7092,0.9151767,0.6917,0.7104,0.7156277,0.8746867,0.9225228,0.9577,0.9185178,0.8474676,0.8847,0.6683,0.7148946,0.6616,0.5,0.5,0.6759443,0.5
fried.arff,0.9652,0.9617435,0.7021067,0.9236148,0.9228,0.8975,0.9261,0.9273,0,0.9159,0.9343289,0.9052,0.9453,0.6917352,0.9584269,0.9704931,0.9819,0.9566347,0.8864302,0.9456,0.8381,0.9158369,0.8388,0.5,0.5,0.8375563,0.5
fruitfly.arff,0.4315,0.4528572,0.4357143,0.5,0.4527,0.4288,0.4748,0.4748,0,0.4315,0.4403572,0.4549,0.4342,0.5,0.5,0.4203572,0.4267,0.5,0.4203572,0.4748,0.5,0.5,0.5,0.5,0.5,0.4530357,0.5
gina_agnostic.arff,0.9098,0.9083813,0.7297842,0.8986068,0.8386,0.8846,0.8851,0.9039,0,0.9268,0.896079,0.8683,0.8749,0.7289376,0.9117756,0.957938,0.9649,0.9504519,0.8452569,0.914,0.8607,0.924858,0.8614,0.5,0.5,0.8537276,0.5
gina_prior.arff,0.9103,0.908141,0.7326463,0.8942616,0.8365,0.8839,0.8842,0.8966,0,0.926,0.8945689,0.8623,0.877,0.7309909,0.9126879,0.9593733,0.9649,0.950727,0.8327985,0.9139,0.8585,0.9263386,0.8577,0.5,0.5,0.8504055,0.5
glass.arff,0.7667,0.747503,0.6317995,0.7100077,0.5064,0.7112,0.6575,0.6686,0,0.5944,0.7769524,0.5999,0.6058,0.7146978,0.6862096,0.652816,0.78,0.7552985,0.6492445,0.7266,0.5,0.6067994,0.5,0.5,0.5,0.5104395,0.5
haberman.arff,0.6705,0.6880778,0.638628,0.5450098,0.4889,0.5433,0.5627,0.6093,0,0.6564,0.6994744,0.5844,0.6588,0.5843381,0.5775513,0.5090855,0.5957,0.6642155,0.5090855,0.5137,0.5383,0.6649319,0.4978,0.5,0.5,0.607396,0.5
hayes-roth.arff,0.9351,0.5,0.4955556,0.50375,0.5965,0.9314,0.8249,0.7215,0,0.7843,0.8926389,0.6921,0.785,0.5215278,0.7814584,0.9029167,0.9254,0.7677777,0.88125,0.7444,0.7088,0.8048611,0.6445,0.5,0.5,0.655625,0.5
heart-c.arff,0.8805,0.8893049,0.7137181,0.8436297,0.893,0.7342,0.8193,0.8131,0,0.8937,0.8964014,0.8518,0.8932,0.7155038,0.8536108,0.8571196,0.8698,0.8916926,0.7578692,0.8342,0.8337,0.8978104,0.8362,0.5,0.5,0.6363445,0.5
heart-statlog.arff,0.8663,0.8858334,0.7225,0.8736111,0.8728,0.7675,0.804,0.7979,0,0.8802,0.8830556,0.82,0.8763,0.7058333,0.8188889,0.8355555,0.8596,0.8847222,0.7216667,0.8226,0.8242,0.8888889,0.8142,0.5,0.5,0.6922222,0.5
hepatitis.arff,0.8341,0.8529913,0.6711272,0.7487715,0.868,0.7111,0.6416,0.6405,0,0.8595,0.8567842,0.7661,0.868,0.6009615,0.7618856,0.8345086,0.8407,0.8145566,0.7836807,0.7727,0.7168,0.8461539,0.6822,0.5,0.5,0.582265,0.5
house_16H.arff,0.9239,0.9059848,0.7195996,0.8695432,0.7395,0.7592,0.8785,0.8362,0,0.8609,0.9024224,0.8384,0.8314,0.6575281,0.9187749,0.9271173,0.9427,0.9311953,0.7993269,0.9045,0.7486,0.8631879,0.7199,0.5,0.5,0.5000312,0.5
house_8L.arff,0.9251,0.9217703,0.7624307,0.9105829,0.8603,0.7784,0.9103,0.8379,0,0.8867,0.9179816,0.8743,0.8612,0.7077551,0.9234944,0.9138298,0.9349,0.9277094,0.8001779,0.9104,0.7923,0.886892,0.7575,0.5,0.5,0.5989063,0.5
houses.arff,0.996,0.996608,0.9620914,0.996637,0.9892,0.9953,0.9925,0.9777,0,0.9954,0.995984,0.9832,0.9953,0.9729755,0.9949717,0.9919219,0.9942,0.9944769,0.9919219,0.9934,0.9582,0.9953636,0.9585,0.5,0.5,0.7892528,0.5
housing.arff,0.9227,0.9314468,0.8032964,0.9166893,0.867,0.7947,0.8537,0.8606,0,0.9294,0.9231302,0.9224,0.9301,0.8354311,0.9089043,0.8810397,0.9105,0.9253588,0.8154351,0.8869,0.8682,0.9329054,0.8617,0.5,0.5,0.8480707,0.5
humandevel.arff,0.9265,0.9345239,0.8916667,0.9345239,0.9609,0.8781,0.8431,0.8749,0,0.9586,0.945238,0.9581,0.9605,0.8928572,0.8547619,0.8928571,0.9525,0.9392856,0.8928571,0.8624,0.8769,0.9559523,0.8692,0.5,0.5,0.5,0.5
hungarian.arff,0.8966,0.907379,0.7711351,0.8418369,0.9081,0.8404,0.7835,0.7786,0,0.8948,0.8984316,0.8601,0.9106,0.7514699,0.860893,0.8544738,0.874,0.8914089,0.8159198,0.8534,0.7776,0.9040989,0.8065,0.5,0.5,0.8027033,0.5
hypothyroid.arff,0.9922,0.9921732,0.9858885,0.9916551,0.986,0.8288,0.9855,0.9841,0,0.9695,0,0.7973,0.9042,0.9688542,0.981415,0.9662344,0.9886,0.9895319,0.8577269,0.9857,0.6599,0.9744005,0.5614,0.5,0,0.7254198,0.5
ionosphere.arff,0.9642,0.9511438,0.7602273,0.8939863,0.9319,0.8915,0.9081,0.8867,0,0.8644,0.9459828,0.8514,0.9384,0.784908,0.9035498,0.9686999,0.9798,0.9548014,0.9025969,0.9076,0.8327,0.8400857,0.8371,0.5,0.5,0.795794,0.5
iris.arff,1,1,1,1,1,1,0.98,1,0,1,1,1,1,1,0.99,1,1,1,1,1,1,1,1,0.5,0.5,1,0.5
irish.arff,1,1,0,0,1,0.9944,1,1,0,0.9896,0.60848,1,0.9996,1,0,0,0.9997,0,1,1,0.9892,0,0.9892,0,0.5,0,0.5
jEdit_4.0_4.2.arff,0.8042,0.7799255,0.6945055,0.7727237,0.7183,0.6888,0.7457,0.7524,0,0.7767,0.7721154,0.7852,0.7122,0.6747253,0.7400117,0.7599688,0.8361,0.7981554,0.6903846,0.7307,0.6711,0.7657967,0.6484,0.5,0.5,0.5068681,0.5
jEdit_4.2_4.3.arff,0.6905,0.6259121,0.5608455,0.6314962,0.6231,0.6268,0.6573,0.6373,0,0.6626,0.6831728,0.6512,0.6267,0.5152786,0.5761146,0.6415002,0.7234,0.6889137,0.6122531,0.7019,0.611,0.6562036,0.5923,0.5,0.5,0.5295859,0.5
jm1.arff,0.7164,0.7160367,0.6565398,0.6995743,0.5792,0.628,0.6639,0.5692,0,0.713,0.709465,0.6878,0.666,0.5307568,0.7104906,0.7070383,0.7451,0.7223405,0.5816826,0.699,0.5021,0.7148774,0.5002,0.5,0.5,0.5222621,0.5
kc1.arff,0.7829,0.7950031,0.7073152,0.778529,0.4957,0.6853,0.7401,0.6046,0,0.7918,0.7921582,0.7675,0.7469,0.5654239,0.7324096,0.7556918,0.8135,0.796785,0.6074082,0.7687,0.5226,0.7958838,0.501,0.5,0.5,0.5373555,0.5
kc1-binary.arff,0.7814,0.7824074,0.7506944,0.7741898,0.8283,0.6771,0.7223,0.7232,0,0.8053,0.7613426,0.7893,0.8275,0.6104167,0.7092593,0.791088,0.8019,0.8207176,0.620139,0.7437,0.724,0.7907407,0.7098,0.5,0.5,0.6371528,0.5
kc1-top5.arff,0.6779,0,0,0,0.391,0.6154,0.4745,0.5274,0,0.6893,0,0.5639,0.745,0,0,0,0.7897,0,0,0.4644,0.6177,0,0.4964,0,0,0,0
kc3.arff,0.7744,0.8132013,0.7177729,0.7631854,0.4727,0.7614,0.6939,0.6221,0,0.7412,0.7655721,0.7283,0.8169,0.53027,0.6738444,0.725945,0.7711,0.8032432,0.5913545,0.718,0.5221,0.7829037,0.5,0.5,0.5,0.5,0.5
kdd_el_nino-small.arff,0.9719,0.9592518,0.84976,0.9621964,0.8608,0.8476,0.9641,0.9148,0,0.9346,0.956183,0.9059,0.9436,0.8950579,0.9662973,0.9373247,0.977,0.9737804,0.9244637,0.9595,0.8237,0.9213834,0.8007,0.5,0.5,0.4487555,0.5
kdd_internet_usage.arff,0.9237,0.920656,0.7718808,0.9198948,0.9145,0.9072,0.9108,0.8405,0,0.9244,0.9223046,0.853,0.9201,0.8393227,0.9167795,0.9025146,0.9136,0.9099017,0.8992793,0.915,0.8395,0.924874,0.8395,0.5,0.5,0.8353382,0.5
kdd_ipums_la_97-small.arff,0.9767,0.9774833,0.9698314,0.9698314,0.9674,0.9639,0.9666,0.9666,0,0.9778,0.9768554,0.9753,0.9762,0.9698314,0.9704402,0.9623692,0.9734,0.9771921,0.9441566,0.9726,0.9698,0.9771329,0.9698,0.5,0.5,0.8322148,0.5
kdd_ipums_la_98-small.arff,0.8308,0.8680967,1,0.9974606,0.6198,0.834,0.6119,0.523,0,0.8253,0.9982074,0.83,0.7784,0.9965642,0.9980579,0.9910356,0.8297,0.999403,0.9914839,0.8242,0.5,1,0.5,1,1,0.9955186,1
kdd_synthetic_control.arff,0.995,1,0.941,0.9977,1,1,0.9888,0.97,0,1,1,1,1,0.94,0.9825,1,1,0.9998,0.985,0.9639,1,1,1,0.5,0.5,0.985,0.5
kin8nm.arff,0.8188,0.813426,0.6929924,0.8243254,0.7551,0.777,0.813,0.7981,0,0.8114,0.8090371,0.8015,0.8168,0.663193,0.8239739,0.8877769,0.914,0.8374493,0.7397593,0.8276,0.7306,0.8119028,0.7345,0.5,0.5,0.7345039,0.5
kr-vs-kp.arff,0.971,0.9693952,0.674957,0.9629991,0.9616,0.97,0.9594,0.9406,0,0.9695,0.963362,0.9712,0.967,0.6575034,0.9636256,0.9723245,0.9699,0.9535453,0.971493,0.9588,0.9399,0.9718695,0.9396,0.5,0.5,0.9392415,0.5
letter.arff,0.961,0.9512442,0.7696691,0.9630216,0.9208,0.9743,0.9581,0.8896,0,0.8701,0.9414921,0.6383,0.9586,0.5123156,0.972243,0.9538457,0.9792,0.9380224,0.9451024,0.9716,0.5,0.8670966,0.5,0.5,0.5,0.5201513,0.5
lowbwt.arff,0.8902,0.8772223,0.8277777,0.8369751,0.851,0.8571,0.8517,0.8487,0,0.8411,0.8872222,0.8336,0.8502,0.8277777,0.8798147,0.8788887,0.8913,0.8705556,0.8466049,0.8267,0.8444,0.8366667,0.8444,0.5,0.5,0.6055556,0.5
lymph.arff,0.9104,0.883069,0.7996031,0.8328043,0.8689,0.9047,0.8104,0.8067,0,0.8988,0.917791,0.8566,0.899,0.7996031,0.8473378,0.8760582,0.9168,0.8959324,0.8573082,0.8419,0.8029,0.9071097,0.8042,0.5,0.5,0.8546627,0.5
machine_cpu.arff,0.9713,0.9854167,0.8958334,0.9452917,0.968,0.9209,0.9278,0.8802,0,0.9785,0.9845833,0.9541,0.9747,0.8875,0.9440141,0.9540279,0.9722,0.9732361,0.9145417,0.932,0.8944,0.9813611,0.8628,0.5,0.5,0.5385416,0.5
MagicTelescope.arff,0.8535,0,0,0,0.8356,0.7503,0.8651,0.7875,0,0.8195,0.9999253,0.8175,0.7955,0,0,0,0.8876,0,0,0.8642,0.7405,0,0.7387,0,0.5,0,0
mammography.arff,0.8997,0.9122561,0.7810041,0.9062192,0.8319,0.7005,0.8111,0.7563,0,0.8951,0.9128014,0.8935,0.896,0.6492677,0.8981399,0.6856931,0.8329,0.8972041,0.6856931,0.8374,0.5998,0.9025782,0.5384,0.5,0.5,0.6683943,0.5
mc1.arff,0.93,0.9139484,0.8333358,0.8144218,0.7917,0.8984,0.7961,0.6091,0,0.8654,0.9198973,0.6047,0.8556,0.572353,0.8870613,0.8556185,0.8845,0.9168447,0.8262735,0.8619,0.5,0.5802343,0.5,0.5,0.5,0.5,0.5
mc2.arff,0.5881,0.7159848,0.5345453,0.6010606,0.6261,0.6511,0.5616,0.5715,0,0.6486,0.6055303,0.5946,0.6247,0.5219696,0.6554546,0.6259848,0.6573,0.6494697,0.5484847,0.63,0.6067,0.6628788,0.5778,0.5,0.5,0.5018182,0.5
meta.arff,0.8865,0.8430186,0.6849023,0.697407,0.4753,0.6544,0.4753,0.6629,0,0.7659,0.9110947,0.7876,0.8071,0.5710949,0.6919504,0.8350708,0.8798,0.7630942,0.6519238,0.6981,0.6746,0.8859263,0.6222,0.5,0.5,0.5,0.5
mfeat-factors.arff,0.9945,0.9933195,0.9399999,0.9840418,0.9913,0.9818,0.979,0.9693,0,0.9966,0.9927917,0.9847,0.9913,0.922222,0.9708751,0.9908193,0.9963,0.9901388,0.9561109,0.9666,0.9797,0.9959445,0.98,0.5,0.5,0.9691248,0.5
mfeat-karhunen.arff,0.9925,0.9933195,0.9399999,0.9840418,0.9829,0.9895,0.9073,0.9217,0,0.9936,0.9927917,0.982,0.9829,0.922222,0.9708751,0.9908193,0.993,0.9901388,0.9561109,0.9338,0.9656,0.9959445,0.9533,0.5,0.5,0.9691248,0.5
mfeat-morphological.arff,0.9933,0.9933195,0.9399999,0.9840418,0.9886,0.992,0.9886,0.9827,0,0.9986,0.9927917,0.9899,0.9909,0.922222,0.9708751,0.9908193,0.9923,0.9901388,0.9561109,0.987,0.9925,0.9959445,0.9925,0.5,0.5,0.9691248,0.5
mfeat-pixel.arff,0.9948,0.9933195,0.9399999,0.9840418,0.9875,0.9888,0.9762,0.9699,0,0.9599,0.9927917,0.9772,0.9875,0.922222,0.9708751,0.9908193,0.9987,0.9901388,0.9561109,0.987,0.9728,0.9959445,0.9747,0.5,0.5,0.9691248,0.5
mfeat-zernike.arff,0.9941,0.9933195,0.9399999,0.9840418,0.9876,0.9723,0.9285,0.9665,0,0.995,0.9927917,0.9801,0.9875,0.922222,0.9708751,0.9908193,0.993,0.9901388,0.9561109,0.9504,0.9706,0.9959445,0.9608,0.5,0.5,0.9691248,0.5
molecular-biology_promoters.arff,0.4542,0.5,0.5,0.5,0.4542,0.4542,0.4542,0.4542,0,0.4542,0.5,0.483,0.4542,0.5,0.5,0.5,0.4542,0.5,0.5,0.4542,0.5,0.5,0.5,0.5,0.5,0.5,0.5
monks-problems0.arff,0.7217,0.3918583,0.4363096,0.434886,0.699,0.6538,0.6838,0.713,0,0.7045,0.3911422,0.7209,0.7111,0.430754,0.4361089,0.3546946,0.6528,0.4319105,0.3546946,0.6838,0.7464,0.4407637,0.7464,0.5,0.5,0.4466091,0.5
monks-problems-2.arff,0.532,0.4697634,0.522742,0.519706,0.491,0.4954,0.491,0.4969,0,0.5254,0.4685412,0.6311,0.5239,0.522742,0.5173727,0.5410393,0.5017,0.4691523,0.5410393,0.4696,0.5,0.4862975,0.5,0.5,0.5,0.4967078,0.5
monks-problems-3.arff,0.9801,0.375652,0.4099869,0.4005811,0.9785,0.986,0.9893,0.9814,0,0.9832,0.3798847,0.9884,0.9785,0.4131615,0.404625,0.333801,0.9895,0.3958782,0.3339994,0.9889,0.9802,0.4283731,0.9698,0.5,0.5,0.4469293,0.5
mozilla4.arff,0.9555,0.9615784,0.9002532,0.9538933,0.9376,0.933,0.9424,0.8971,0,0.8947,0.9503441,0.9052,0.8744,0.9286593,0.9490306,0.9239908,0.9705,0.9547077,0.9172194,0.9563,0.8326,0.9217578,0.8357,0.5,0.5,0.9002532,0.5
mu284.arff,0.9965,1,0.9964286,0.9964286,0.9363,0.9901,0.9965,0.993,0,0.9999,0.9964286,1,0.9935,0.9964286,0.9964286,0.9964286,1,1,0.9964286,0.9915,0.9894,1,0.993,0.5,0.5,0.8187414,0.5
mushroom.arff,0.9921,0.9930886,0.8896226,0.9941555,0.9923,0.9931,0.9923,0.9878,0,0.9925,0.9861019,0.9921,0.9912,0.9846786,0.9934548,0.9942709,0.9931,0.9932152,0.9942709,0.9918,0.9898,0.9930093,0.9898,0.5,0.5,0.9888939,0.5
musk.arff,0.9603,1,0.9999104,0.9999104,1,1,1,0.9996,0,1,0.9999104,1,1,0.9995098,0.9995483,0.9995098,1,1,0.9995098,1,0.999,1,0.999,0.5,0.5,0.5,0.5
newton_hema.arff,0.8249,0.8336735,0.6285715,0.8204084,0.8263,0.8238,0.8266,0.7722,0,0.8524,0.8163264,0.8055,0.8263,0.6571428,0.8193878,0.7510205,0.8832,0.8163267,0.7510205,0.8368,0.7786,0.8500001,0.7714,0.5,0.5,0.5438777,0.5
no2.arff,0.6655,0.5855415,0.5468974,0.6100282,0.5669,0.6341,0.5752,0.5971,0,0.6147,0.64931,0.5993,0.6224,0.5477628,0.5897809,0.6634633,0.6917,0.6853213,0.6180923,0.6616,0.5725,0.5961167,0.5586,0.5,0.5,0.5195142,0.5
nursery.arff,1,1,1,1,1,1,1,1,0,1,1,1,1,1,1,1,1,1,1,1,1,1,1,0.5,0.5,1,0.5
optdigits.arff,0.9927,0.984405,0.8010022,0.9374584,0.8747,0.9626,0.9568,0.9469,0,0.9921,0.9843161,0.9593,0.9809,0.499802,0.9673058,0.9870418,0.9957,0.9926352,0.9161369,0.9587,0.9463,0.9919428,0.9379,0.5,0.5,0.9275511,0.5
OVA_Breast.arff,0.9764,0.9742839,0.9147792,0.9515066,0.9542,0.9333,0.9001,0.9405,0,0.891,0.9681618,0.956,0.954,0.8746599,0.9113553,0.9744311,0.9787,0.9725086,0.9040333,0.9398,0.9431,0.9699022,0.9584,0.5,0.5,0.943568,0.5
OVA_Endometrium.arff,0.9267,0.9537217,0.8141111,0.6945393,0.4918,0.6214,0.5441,0.6411,0,0.6925,0.9450874,0.8071,0.8853,0.5500641,0.687681,0.9040149,0.9504,0.9219494,0.6280056,0.6544,0.6784,0.9621552,0.6507,0.5,0.5,0.5458262,0.5
OVA_Ovary.arff,0.9521,0.9631458,0.790826,0.9188806,0.8575,0.7244,0.7712,0.852,0,0.8834,0.9485169,0.8671,0.869,0.7575086,0.8002479,0.9553119,0.966,0.9549553,0.7746251,0.8942,0.8084,0.94826,0.8174,0.5,0.5,0.7197751,0.5
OVA_Uterus.arff,0.9411,0.9435049,0.7671813,0.8026712,0.6869,0.7391,0.6153,0.7924,0,0.7571,0.9263587,0.8211,0.8785,0.610937,0.7400144,0.8968736,0.9379,0.9062711,0.7120905,0.7427,0.7533,0.9275354,0.7584,0.5,0.5,0.5313082,0.5
page-blocks.arff,0.9824,0.9746314,0.8290819,0.9717684,0.9345,0.8639,0.9592,0.9154,0,0.8948,0.9767401,0.8774,0.9088,0.8151289,0.9669421,0.9780224,0.991,0.9886915,0.9148808,0.9512,0.7298,0.8824644,0.7202,0.5,0.5,0.7163486,0.5
pbc.arff,0.7651,0.7327294,0.669292,0.7134758,0.752,0.6164,0.7122,0.6799,0,0.7726,0.7657322,0.7671,0.7481,0.5866451,0.6973048,0.6756102,0.6784,0.7632851,0.59843,0.6975,0.7141,0.778388,0.6788,0.5,0.5,0.5840263,0.5
pbcseq.arff,0.7808,0.7897816,0.6666261,0.7618311,0.5588,0.706,0.7073,0.7137,0,0.6554,0.7804289,0.507,0.7558,0.5072954,0.6486924,0.6443261,0.685,0.7434772,0.6131147,0.5576,0.6678,0.7574209,0.673,0.5,0.5,0.5304285,0.5
pc1.arff,0.8207,0.7630549,0.7391363,0.7079278,0.4856,0.7322,0.7353,0.6171,0,0.7422,0.823577,0.6588,0.6768,0.535407,0.7579163,0.717151,0.8538,0.8219542,0.6205205,0.7331,0.5,0.6368966,0.5,0.5,0.5,0.5070823,0.5
pc1_req.arff,0.4939,0.497619,0.4971646,0.5015152,0.4868,0.4841,0.4853,0.4937,0,0.4831,0.5132033,0.4762,0.4604,0.497619,0.5010823,0.5051947,0.4863,0.4902597,0.5051947,0.4853,0.5,0.5228572,0.5,0.5,0.5,0.5001514,0.5
pc2.arff,0.8455,0.8059351,0.7700174,0.5,0.7048,0.7307,0.4541,0.467,0,0.8054,0.8293433,0.7704,0.8036,0.4999102,0.5340378,0.5321867,0.6962,0.5206872,0.449829,0.4902,0.5,0.5,0.5,0.5,0.5,0.5,0.5
pc3.arff,0.8066,0.8193718,0.7212584,0.5,0.4993,0.6543,0.6491,0.5499,0,0.7934,0.82338,0.8016,0.7869,0.55162,0.7426325,0.760443,0.8306,0.7929003,0.6238117,0.7065,0.5,0.5367634,0.5,0.5,0.5,0.5034106,0.5
pc4.arff,0.9069,0.881781,0.8358278,0.8833984,0.6541,0.84,0.84,0.6295,0,0.8244,0.8973588,0.779,0.807,0.6085351,0.8736276,0.8065206,0.9038,0.890422,0.7326083,0.8749,0.5462,0.8394938,0.5165,0.5,0.5,0.5699973,0.5
pendigits.arff,0.9945,0.9871449,0.8607836,0.9666338,0.9712,0.9426,0.9847,0.9604,0,0.9929,0.9926365,0.9852,0.9824,0.5,0.9856148,0.9803677,0.9951,0.9928163,0.9368666,0.9827,0.9496,0.993136,0.9538,0.5,0.5,0.9198141,0.5
pharynx.arff,0.753,0.7618304,0.7860118,0.7860118,0.7228,0.7029,0.7267,0.7407,0,0.778,0.7875743,0.5339,0.7228,0.5059524,0.7860118,0.4681775,0.4511,0.7402244,0.4681775,0.4817,0.783,0.7849702,0.783,0.5,0.5,0.7926338,0.5
plasma_retinol.arff,0.4946,0.4976448,0.5092442,0.4887081,0.4963,0.4881,0.4827,0.4594,0,0.5122,0.5179069,0.5161,0.5052,0.5464317,0.4983388,0.4938525,0.5089,0.5119561,0.4938525,0.46,0.5207,0.4787401,0.5234,0.5,0.5,0.5049194,0.5
pm10.arff,0.4883,0.5,0.5054424,0.5,0.5411,0.5117,0.4904,0.5051,0,0.4397,0.5306581,0.4776,0.5143,0.5208269,0.5,0.5462059,0.526,0.5538815,0.5462059,0.5169,0.5,0.5,0.5007,0.5,0.5,0.4838951,0.5
pol.arff,0.9784,0.9741167,0.6947953,0.9814523,0.9536,0.9575,0.9799,0.9487,0,0.9218,0.9686102,0.8949,0.9256,0.7510503,0.9837371,0.9624188,0.9862,0.966055,0.9407905,0.9824,0.8391,0.9179695,0.8415,0.5,0.5,0.6441115,0.5
pollen.arff,0.4963,0.5,0.5010403,0.5,0.4929,0.4934,0.4988,0.4867,0,0.489,0.5099104,0.4917,0.4782,0.4799535,0.5,0.4979384,0.4908,0.5124966,0.4979384,0.503,0.4997,0.5009526,0.4948,0.5,0.5,0.506817,0.5
primary-tumor.arff,0.8606,0.8236806,0.7773824,0.8234808,0.8468,0.8519,0.724,0.7366,0,0.8274,0.8619584,0.7868,0.8635,0.6582862,0.8187234,0.8476207,0.8496,0.8740448,0.8407436,0.7772,0.6994,0.8287853,0.7093,0.5,0.5,0.6984232,0.5
prnn_fglass.arff,0.7584,0.7440639,0.625412,0.727713,0.6033,0.6359,0.7134,0.704,0,0.6013,0.7770458,0.5852,0.6607,0.7024725,0.7055778,0.6811765,0.7523,0.7468064,0.6453983,0.7121,0.5023,0.6159389,0.5,0.5,0.5,0.5035715,0.5
prnn_synth.arff,0.9403,0.9096153,0.8317308,0.9083332,0.9318,0.864,0.8257,0.8284,0,0.9307,0.9509615,0.9165,0.9316,0.8320512,0.8660256,0.8157051,0.9237,0.9185897,0.8157051,0.8389,0.848,0.9384616,0.848,0.5,0.5,0.8573718,0.5
puma32H.arff,0.6582,0.6629245,0.6545767,0.6629245,0.608,0.5461,0.651,0.6545,0,0.6688,0.6632838,0.6676,0.6687,0.6050867,0.6545767,0.5469758,0.5873,0.6628813,0.5469758,0.6531,0.6546,0.6690022,0.6548,0.5,0.5,0.6566914,0.5
puma8NH.arff,0.8334,0.843569,0.6962953,0.8756953,0.8742,0.7717,0.874,0.8515,0,0.8559,0.8438532,0.8698,0.8564,0.6643016,0.8800676,0.7796634,0.8915,0.8159762,0.7796634,0.8857,0.8278,0.8564339,0.8277,0.5,0.5,0.8270734,0.5
pwLinear.arff,0.9057,0.8982474,0.8300505,0.8996465,0.9108,0.9103,0.8425,0.827,0,0.9091,0.9257525,0.8919,0.7422,0.8300505,0.8846969,0.9212828,0.91,0.9087121,0.9212828,0.8275,0.8147,0.9288131,0.8292,0.5,0.5,0.8757171,0.5
quake.arff,0.4895,0.5,0.4937906,0.5,0.4915,0.5218,0.4992,0.4854,0,0.4622,0.5140966,0.4696,0.4654,0.4911436,0.5,0.509956,0.5212,0.5013019,0.509956,0.5096,0.5,0.5,0.5,0.5,0.5,0.5044949,0.5
rabe_266.arff,0.9351,0.8685714,0.8685714,0.8994841,0.9609,0.9411,0.8595,0.87,0,0.9592,0.9566667,0.9411,0.9609,0.8923809,0.8685714,0.9538096,0.9412,0.9344445,0.9538096,0.8713,0.9094,0.960873,0.9094,0.5,0.5,0.9090476,0.5
rmftsa_ctoarrivals.arff,0.9871,0.9832169,0.7992045,0.9752657,0.9872,0.939,0.9487,0.9123,0,0.9885,0.9784292,0.9654,0.9874,0.7567915,0.9531517,0.9401235,0.9856,0.9707018,0.9401235,0.9674,0.937,0.9946724,0.9253,0.5,0.5,0.5,0.5
rmftsa_ladata.arff,0.9455,0.936526,0.8581216,0.92381,0.8879,0.8225,0.8565,0.8852,0,0.947,0.9390983,0.9367,0.9293,0.8613683,0.9039129,0.9181861,0.9423,0.9407411,0.8358819,0.8919,0.8665,0.9391985,0.8534,0.5,0.5,0.8069206,0.5
rmftsa_sleepdata.arff,0.7545,0.7415502,0.725837,0.7456652,0.7557,0.7632,0.7111,0.7193,0,0.7682,0.7556344,0.7576,0.7671,0.7061757,0.7314223,0.7662128,0.7654,0.7597767,0.7662128,0.7209,0.6717,0.7672535,0.6756,0.5,0.5,0.5,0.5
scene.arff,0.9807,0.9254987,0.6801649,0.9021197,0.4984,0.9253,0.8962,0.8804,0,0.9779,0.9570759,0.9577,0.88,0.5309322,0.925737,0.9471896,0.9635,0.9443667,0.7628918,0.9247,0.919,0.9732262,0.9246,0.5,0.5,0.8951184,0.5
schizo.arff,0.8245,0.7600069,0.5823529,0.8045488,0.5088,0.7953,0.8982,0.9517,0,0.4992,0.7689206,0.5046,0.5181,0.8685253,0.8159579,0.9718876,0.9944,0.9687525,0.9718876,0.9511,0.5103,0.5216208,0.5072,0.5,0.5,0.494281,0.5
segment.arff,0.998,0.9916439,0.8467171,0.9908861,0.9849,0.9738,0.9876,0.9795,0,0.8955,0.9944751,0.9388,0.9792,0.9590908,0.9867846,0.9901285,0.9958,0.9931512,0.9765151,0.9796,0.7076,0.8713804,0.6914,0.5,0.5,0.5616163,0.5
sensory.arff,0.6788,0.6648618,0.6264574,0.7010608,0.6791,0.7631,0.7288,0.6662,0,0.6795,0.6612119,0.6407,0.6791,0.6264574,0.6904315,0.6821986,0.7434,0.7111387,0.6569533,0.7062,0.6263,0.6385182,0.6263,0.5,0.5,0.6154762,0.5
servo.arff,0.9352,0.9551281,0.953846,0.9551281,0.9352,0.9352,0.9352,0.9352,0,0.9352,0.9589743,0.9356,0.9352,0.953846,0.953846,0.9551281,0.9358,0.953846,0.9551281,0.9352,0.9535,0.9564102,0.9535,0.5,0.5,0.9589743,0.5
sick.arff,0.9571,0.9588395,0.9368931,0.9583009,0.9351,0.8647,0.9205,0.9021,0,0.9394,0,0.8972,0.9347,0.877581,0.9316584,0.8953979,0.9423,0.9406207,0.8397986,0.9184,0.649,0.9490039,0.5,0.5,0,0.6998489,0.5
sleuth_case2002.arff,0.6747,0.6703231,0.6797618,0.6916241,0.7217,0.6419,0.6471,0.6435,0,0.7401,0.7133505,0.6858,0.7205,0.6690477,0.726573,0.6560588,0.6717,0.7282952,0.6560588,0.633,0.6667,0.7531675,0.6901,0.5,0.5,0.6089286,0.5
socmob.arff,0.9657,0.9584658,0.8998462,0.951766,0.7799,0.9279,0.9028,0.8866,0,0.9698,0.9648077,0.9293,0.9626,0.8802308,0.9035164,0.8776213,0.9459,0.9463871,0.8744733,0.9049,0.8236,0.967265,0.799,0.5,0.5,0.8920479,0.5
solar-flare.arff,0.4516,0,0,0,0.4209,0.516,0.3454,0.4191,0,0.4186,0,0.4085,0.6774,0,0,0,0.5952,0,0,0.3454,0.5,0,0.5,0,0,0,0
sonar.arff,0.8437,0.8754208,0.7240907,0.7849242,0.7985,0.8535,0.7707,0.7551,0,0.8413,0.8536364,0.8089,0.7943,0.6262372,0.7929208,0.8818518,0.8787,0.8535186,0.7340405,0.7278,0.7392,0.8464646,0.7592,0.5,0.5,0.8317675,0.5
space_ga.arff,0.8275,0.808065,0.7276594,0.8237142,0.7333,0.6905,0.8021,0.7698,0,0.7987,0.8304562,0.7954,0.8023,0.6924595,0.8017781,0.6863636,0.8102,0.7931899,0.6863636,0.8154,0.7226,0.7932557,0.7317,0.5,0.5,0.5,0.5
spambase.arff,0.9751,0.9739397,0.7532676,0.9543893,0.6321,0.9114,0.9501,0.9238,0,0.9664,0.9685268,0.9579,0.9462,0.7663033,0.962334,0.9659463,0.9782,0.9737747,0.911985,0.9581,0.8876,0.9675759,0.8451,0.5,0.5,0.9017278,0.5
SPECT.arff,0.842,0.7443181,0.6791666,0.7518939,0.8255,0.7924,0.7756,0.6808,0,0.8414,0.7392045,0.768,0.8478,0.7087121,0.6962691,0.7200378,0.8161,0.7507386,0.7200378,0.7554,0.7326,0.7185985,0.7212,0.5,0.5,0.7204546,0.5
SPECTF.arff,0.9111,0.8926956,0.6682136,0.8071676,0.8844,0.8419,0.8502,0.8088,0,0.8817,0,0.8508,0.8861,0.5766666,0.8827059,0.9503828,0.9706,0.914335,0.8704017,0.8133,0.7502,0.878759,0.7555,0.5,0,0.5,0.5
spectrometer.arff,0.9921,0.9806479,0.8799866,0.9837131,0.9664,0.885,0.8388,0.8952,0,0.9952,0.9881281,0.9925,0.9663,0.814592,0.9200974,0.9841719,0.991,0.9885062,0.8899556,0.9028,0.8654,0.9948021,0.5636,0.5,0.5,0.6022917,0.5
splice.arff,0.971,0.9659517,0.8228506,0.9617858,0.9747,0.9435,0.9695,0.9614,0,0.9663,0.9670679,0.9405,0.9661,0.8228506,0.9691938,0.9760055,0.9832,0.9764584,0.9411051,0.9661,0.9174,0.9718524,0.9186,0.5,0.5,0.9211565,0.5
stock.arff,0.9611,0.9444204,0.8308646,0.9494781,0.8161,0.9349,0.9562,0.9275,0,0.8237,0.9515184,0.8532,0.7805,0.8587709,0.9399851,0.9031497,0.9628,0.9474156,0.9031497,0.9473,0.7776,0.8131469,0.7765,0.5,0.5,0.5693655,0.5
strikes.arff,0.9999,1,0.6381048,1,0.7465,0.9991,0.9995,0.9999,0,0.6146,0.9384008,0.5821,0.5756,1,1,0.9984375,1,1,0.9984375,0.9996,0.5419,0.5811882,0.5521,0.5,0.5,0.5676281,0.5
sylva_agnostic.arff,0.9981,0.99761,0.9192156,0.9963615,0.9852,0.9514,0.9754,0.9642,0,0.9977,0.9968528,0.9888,0.9966,0.7244603,0.9879303,0.9880521,0.9973,0.9971778,0.9418221,0.9895,0.9531,0.9976958,0.9443,0.5,0.5,0.7201549,0.5
sylva_prior.arff,0.998,0.9976536,0.9192355,0.9964052,0.9868,0.9499,0.9719,0.9711,0,0.9978,0.9965396,0.9828,0.9966,0.7045207,0.9799137,0.9879398,0.9967,0.9968487,0.9378194,0.9888,0.9451,0.9976786,0.9465,0.5,0.5,0.7068718,0.5
tae.arff,0.607,0.6770926,0.5611111,0.6740926,0.6076,0.5911,0.5932,0.5945,0,0.6051,0.6770926,0.6061,0.6076,0.5611111,0.6794444,0.6710926,0.594,0.6750926,0.6710926,0.5194,0.5781,0.6400926,0.5781,0.5,0.5,0.6205,0.5
tecator.arff,0.9794,0.9658641,0.8096853,0.9481644,0.9606,0.9278,0.9121,0.9322,0,0.9848,0.9776423,0.9758,0.9606,0.8619531,0.9307317,0.9769505,0.9803,0.9705293,0.9156194,0.9287,0.9184,0.980045,0.9096,0.5,0.5,0.8549051,0.5
thyroid_sick.arff,0.9571,0.9588395,0.9368931,0.9583009,0.9351,0.8647,0.9205,0.9021,0,0.9394,0,0.8972,0.9347,0.877581,0.9316584,0.8953979,0.9423,0.9406207,0.8397986,0.9181,0.649,0.9490039,0.5,0.5,0,0.6998489,0.5
tic-tac-toe.arff,0.7708,0.7644673,0.6709045,0.8166428,0.7744,0.8714,0.7759,0.7265,0,0.7708,0.7729034,0.7254,0.7744,0.6709045,0.8136365,0.8734101,0.8727,0.7529932,0.8716926,0.7502,0.6732,0.7616523,0.6662,0.5,0.5,0.6621301,0.5
transplant.arff,0.9896,1,1,1,0.9977,0.988,0.994,0.9792,0,0.9985,1,0.9995,0.9992,1,0.9944444,1,0.9995,1,1,0.9882,0.994,1,0.9688,0.5,0.5,0.5440278,0.5
triazines.arff,0.8011,0.5179545,0.4995453,0.7118426,0.5209,0.7317,0.8051,0.7813,0,0.7547,0.8051542,0.7287,0.77,0.5601786,0.7801299,0.815471,0.8324,0.8598132,0.7800569,0.7473,0.7185,0.7518182,0.6722,0.5,0.5,0.7134091,0.5
vehicle.arff,0.9689,0.9555561,0.7600522,0.9669823,0.8045,0.8444,0.9573,0.9219,0,0.8844,0.8984159,0.891,0.7979,0.710798,0.9545036,0.9889809,0.9879,0.9805065,0.9488792,0.9475,0.7268,0.9122599,0.5839,0.5,0.5,0.4992063,0.5
vehicle_sensIT.arff,0.9109,0.9555561,0.7600522,0.9669823,0.8405,0.7586,0.8484,0.8852,0,0.9107,0.8984159,0.899,0.8194,0.710798,0.9545036,0.9889809,0.9172,0.9805065,0.9488792,0.8948,0.848,0.9122599,0.8463,0.5,0.5,0.4992063,0.5
veteran.arff,0.7105,0.7233333,0.6283333,0.6424999,0.7522,0.7125,0.656,0.6137,0,0.7567,0.7529168,0.6705,0.7411,0.5272221,0.6704166,0.7069444,0.7087,0.6863889,0.7069444,0.6458,0.5946,0.7376389,0.6275,0.5,0.5,0.5806944,0.5
vinnie.arff,0.917,0.9065239,0.8467543,0.9069394,0.8626,0.8939,0.8094,0.828,0,0.9266,0.932597,0.9199,0.9274,0.8467543,0.884069,0.9030613,0.902,0.864221,0.9030613,0.8464,0.8363,0.9281479,0.8282,0.5,0.5,0.8760119,0.5
visualizing_environmental.arff,0.7549,0.7250001,0.7250001,0.7250001,0.7807,0.751,0.6537,0.6514,0,0.7528,0.7566666,0.7105,0.7809,0.6866666,0.7333334,0.7191667,0.7754,0.7300001,0.7191667,0.7173,0.7176,0.7505556,0.7209,0.5,0.5,0.6116667,0.5
visualizing_galaxy.arff,0.9877,0.9807267,0.810098,0.9807267,0.9802,0.937,0.9629,0.949,0,0.9948,0.9872486,0.992,0.9884,0.8465405,0.9641861,0.941732,0.9844,0.9737831,0.941732,0.9595,0.9592,0.9958341,0.9363,0.5,0.5,0.9729847,0.5
visualizing_livestock.arff,0.8291,0.9090909,0.7984846,0.8057575,0.8248,0.7899,0.6903,0.7663,0,0.7638,0.8730304,0.7676,0.8248,0.7984846,0.6807576,0.7489393,0.5985,0.8407575,0.7489393,0.7232,0.8333,0.839697,0.7924,0.5,0.5,0.8172727,0.5
vote.arff,0.9881,0.983659,0.9665095,0.9677078,0.9809,0.9887,0.9778,0.9478,0,0.983,0.9918851,0.9809,0.9858,0.9588993,0.9845247,0.9831661,0.9856,0.9878148,0.9846912,0.981,0.957,0.9889737,0.9589,0.5,0.5,0.9553047,0.5
water-treatment.arff,0.9905,0.9663541,0.9022886,0.9727366,0.9301,0.6208,0.983,0.9704,0,0.9921,0.9915277,0.7463,0.7221,0.897538,0.9647222,0.9432954,0.9837,0.9673611,0.8735323,0.9831,0.5375,0.9877778,0.5125,0.5,0.5,0.5,0.5
waveform-5000.arff,0.8967,0.8955452,0.7821505,0.8849508,0.879,0.7312,0.874,0.8222,0,0.9009,0,0.8997,0.9022,0.7389639,0.874041,0.8486156,0.8805,0.8876305,0.7373312,0.8632,0.8126,0.900158,0.8072,0.5,0,0.7657838,0.5
wind.arff,0.9187,0.9139183,0.8158923,0.906359,0.8736,0.784,0.8859,0.8603,0,0.921,0.9118031,0.9181,0.9127,0.8087352,0.9093281,0.9040781,0.9228,0.9175606,0.789537,0.8948,0.8375,0.9213345,0.836,0.5,0.5,0.753583,0.5
wisconsin.arff,0.5201,0.4794444,0.5012626,0.4794444,0.5233,0.5304,0.4879,0.5052,0,0.5273,0.4472726,0.5298,0.5086,0.4417172,0.4486869,0.4780806,0.5298,0.4680808,0.4780806,0.5057,0.509,0.5031314,0.4959,0.5,0.5,0.5090406,0.5
yeast_ml8.arff,0.87,0.8825086,0.8262728,0.5,0.8705,0.87,0.4643,0.4643,0,0.87,0.8825086,0.8704,0.8705,0.5,0.5,0.8825086,0.87,0.5,0.8825086,0.4643,0.5,0.5,0.5,0.5,0.5,0.5,0.5
zoo.arff,1,1,1,1,1,1,1,1,0,1,1,1,1,1,1,1,1,1,0.9916667,1,1,1,1,0.5,0.5,0.9916667,0.5
