name,AB_IG,BN_IG,DS_IG,DT_IG,HT_IG,Ibk_IG,J48_IG,Jrip_IG,LMT_IG,Log_IG,LB_IG,MLP_IG,NB_IG,ONE_IG,PART_IG,RC_IG,RF_IG,RS_IG,RT_IG,REP_IG,SGD_IG,SL_IG,SVM_IG,STK_IG,VOTE_IG,VP_IG,ZERO_IG
2dplanes,0.9191289,0.9177016,0.8025106,0.9836378,0.9831204,0.9553286,0.9792148,0.9454325,0,0.9177793,0.9197004,0.8836308,0.7195182,0.8025106,0.9829982,0.9443835,0.9783436,0.9491791,0,0.9820606,0.8353035,0.9177552,0.8365623,0.5,0.5,0.8378035,0.5
ada_prior,0.8547692,0.89426,0.7475429,0.8707504,0.760873,0.6938827,0.8196336,0.7426958,0.8920878,0.8882084,0.8818483,0.852503,0.8827954,0.5936605,0.8258536,0.835765,0.8772744,0.8872276,0.716902,0.8375106,0.7590853,0.8950169,0.7434142,0.5,0.5,0.5289957,0.5
adult,0.8591324,0.9014929,0.7603404,0.8865595,0.8877298,0.7225224,0.875511,0.7426617,0.9114852,0.911535,0.8857853,0.8537645,0.9018806,0.5924484,0.8793202,0.8072659,0.8751206,0.9045107,0.7526373,0.8797777,0.7686008,0.9115953,0.7641564,0.5,0.5,0.5,0.5
adult-census,0.872693,0.9164094,0.7591759,0.8994885,0.858105,0.7120459,0.8914715,0.7488099,0.9079017,0.9048528,0.8985197,0.872294,0.8921231,0.6053005,0.8811937,0.875804,0.9037602,0.907259,0.752402,0.8755426,0.7563949,0.9054352,0.7534414,0.5,0.5,0.5744907,0.5
ailerons,0.9299388,0.821681,0.775172,0.9214728,0.8700701,0.8262653,0.8780472,0.8861904,0.9549368,0.9519101,0.9287098,0.9518248,0.8460188,0.7822161,0.9105967,0.9356729,0.9505734,0.9270235,0.7968144,0.9267157,0.8706045,0.9527978,0.8744894,0.5,0.5,0.5723618,0.5
analcatdata_apnea1,0.8983352,0.9107239,0.6967189,0.943641,0.9149439,0.8494144,0.912616,0.852773,0.9062041,0.9168507,0.8914151,0.9104627,0.9149439,0.5,0.9293649,0.8163085,0.9254743,0.943646,0.8145955,0.9126354,0.8675087,0.9153504,0.8675087,0.5,0.5,0.5237804,0.5
analcatdata_apnea2,0.941986,0.943162,0.7021196,0.9363871,0.9458769,0.8187185,0.9257937,0.9231757,0.9404134,0.9502808,0.9388163,0.9318429,0.9458769,0.5,0.9381873,0.8574913,0.9611933,0.9460658,0.8282909,0.9295684,0.9316784,0.9404134,0.9316784,0.5,0.5,0.5692219,0.5
analcatdata_apnea3,0.9017264,0.9219679,0.6685256,0.8314829,0.9183632,0.8175042,0.8910277,0.787124,0.9118652,0.9335469,0.908485,0.9018888,0.9183632,0.5,0.8898098,0.8180576,0.944376,0.9164956,0.7646817,0.9122542,0.8966667,0.9221088,0.8966667,0.5,0.5,0.5541025,0.5
analcatdata_authorship,0.9964878,1,0.8627611,0.9770182,0.9972338,0.9939582,0.9513067,0.960581,0.9998798,0.9998798,0.9975063,0.9998798,0.9971744,0.8676165,0.9656052,0.9963149,1,0.9989753,0.9320038,0.9581158,0.9920673,0.9998798,0.995553,0.5,0.5,0.9744913,0.5
analcatdata_birthday,0.9236424,0.8662567,0.9066836,0.7682595,0.9022648,0.8103462,0.7211997,0.7534811,0.9357931,0.7662097,0.93541,0.9157997,0.9209072,0.6783098,0.8710955,0.8514179,0.8969289,0.9233905,0.6985786,0.6109476,0.7097178,0.935148,0.6295062,0.5,0.5,0.5,0.5
analcatdata_boxing1,0.7977232,0.9075893,0.615,0.866875,0.8984821,0.8483928,0.8783482,0.7305804,0.8721875,0.8503571,0.919866,0.8950893,0.8984821,0.7716071,0.7391964,0.9217857,0.9225893,0.8783482,0.8096875,0.8566071,0.8219643,0.8625446,0.7903571,0.5,0.5,0.8429018,0.5
analcatdata_boxing2,0.7887755,0.8455357,0.5619048,0.8641794,0.8410714,0.7899021,0.8428996,0.8122024,0.8049531,0.8407737,0.8099276,0.815221,0.8410714,0.8294642,0.8494899,0.8526786,0.8505952,0.8518281,0.7994047,0.8570365,0.791369,0.8098851,0.8294642,0.5,0.5,0.7732143,0.5
analcatdata_broadwaymult,0.8190257,0.7826288,0.7245654,0.8094002,0.8096647,0.3840226,0.7851576,0.7712777,0.8248941,0.4496464,0.8266962,0.8536151,0.8101856,0.7496437,0.7617117,0.7278536,0.6058851,0.8127298,0.6140194,0.5,0.7690173,0.8275094,0.7719474,0.5,0.5,0.5,0.5
analcatdata_creditscore,0.9928571,0.9928571,0.9928571,0.9928571,0.9904762,0.7017857,0.9928571,0.9928571,0.9928571,0.9904762,0.9928571,0.9095239,0.9794643,0.9928571,0.9928571,0.9833333,0.9904762,0.9952381,0.9833333,0.9803571,0.6619047,0.9928571,0.6119047,0.5,0.5,0.9928571,0.5
analcatdata_dmft,0.5500324,0.5542512,0.4956252,0.5,0.5,0.4810246,0.5,0.5,0.4977005,0.5459572,0.562075,0.5465868,0.5527931,0.5,0.5229181,0.4717973,0.460925,0.5,0.4600834,0.5042187,0.5,0.4977005,0.5,0.5,0.5,0.5010505,0.5
analcatdata_draft,0.6063207,0.5763741,0.5840017,0.5,0.5340909,0.5377449,0.5,0.5106952,0.4916887,0.5712567,0.6061275,0.4836006,0.5985295,0.5426024,0.6225565,0.5637552,0.5679291,0.5167336,0.5869727,0.5379679,0.5,0.4916887,0.5,0.5,0.5,0.5,0.5
analcatdata_gsssexsurvey,0.5728097,0.6396101,0.5400642,0.5253204,0.5,0.5461538,0.5063567,0.4961538,0.5272436,0.6067842,0.6123397,0.6000535,0.5532052,0.5669871,0.5173877,0.5357906,0.5687768,0.5418804,0.5040063,0.5,0.5544871,0.5272436,0.5294871,0.5,0.5,0.5,0.5
analcatdata_halloffame,0.9452517,0.953158,0.8516195,0.9389238,0.5,0.7689806,0.7659626,0.7873443,0.9646587,0.9638184,0.9500258,0.9280961,0.9490933,0.5,0.8706188,0.9466472,0.9596473,0.9382039,0.7377164,0.5,0.8035368,0.9645903,0.7910402,0.5,0.5,0.5205129,0.5
analcatdata_lawsuit,0.9896666,0.99075,0.9544167,0.9865417,0.9855834,0.8198333,0.9198751,0.9709167,0.9958334,0.9979167,0.9865416,0.9958334,0.9875834,0.7794167,0.9177917,0.973,0.9949167,0.9553334,0.948,0.96275,0.8229167,0.9958334,0.55,0.5,0.5,0.4979167,0.5
analcatdata_marketing,0.5577804,0.5171806,0.5239861,0.4713226,0.5,0.5331818,0.4918031,0.5332873,0.5197501,0.5138699,0.4925051,0.5495733,0.5193068,0.4844622,0.4868377,0.4613018,0.4755064,0.5592159,0.5092146,0.5067727,0.4851591,0.5197501,0.5232425,0.5,0.5,0.4980253,0.5
analcatdata_michiganacc,0.8383332,0.7937501,0.6225001,0.7079167,0.8050001,0.6625001,0.6391668,0.62375,0.7920833,0.8033332,0.8350001,0.8091667,0.8016668,0.7050001,0.7062502,0.7233333,0.7579166,0.8095833,0.6150001,0.6079168,0.7383334,0.7920833,0.7408334,0.5,0.5,0.7058333,0.5
analcatdata_neavote,0.4277779,0,0,0,0.3611111,0.5,0.35,0.35,0,0.4777778,0,0.4,0.4722223,0,0,0,0.4999999,0,0,0.35,0.35,0,0.35,0,0,0,0
analcatdata_reviewer,0.6433677,0.6616565,0.5402861,0.6116962,0.6602292,0.622504,0.5727918,0.5874841,0.6451541,0.657937,0.6604151,0.5984558,0.6735815,0.5,0.6222972,0.647296,0.6491171,0.6668245,0.5025508,0.5,0.6011252,0.6451541,0.5946834,0.5,0.5,0.5947579,0.5
analcatdata_seropositive,0.9802777,0.9575,0.8308333,0.8363888,0.9597222,0.9656944,0.9261111,0.8736111,0.9630555,0.9683333,0.9733333,0.9572222,0.9575,0.8440277,0.9184721,0.9609721,0.9855555,0.9575,0.9015276,0.88375,0.9494444,0.9658333,0.9494444,0.5,0.5,0.9299999,0.5
analcatdata_supreme,0.9982442,0.9911121,0.9859359,0.9899604,0.9867157,0.9971363,0.9854205,0.9873279,0.9937961,0.9940097,0.9991857,0.9924727,0.9853547,0.9859359,0.9916619,0.9955621,0.9979922,0.9942,0.9903106,0.9899954,0.9841502,0.9934077,0.9832637,0.5,0.5,0.5,0.5
analcatdata_vineyard,0.8096474,0.8674679,0.6166302,0.8820193,0.8718772,0.8559066,0.8976649,0.8650869,0.9065932,0.8373443,0.8689789,0.7618727,0.8819321,0.7492951,0.9128665,0.8721473,0.9475595,0.9349726,0.8450824,0.9026283,0.7492951,0.8302975,0.7487456,0.5,0.5,0.5916485,0.5
analcatdata_wildcat,0.7999621,0.8419319,0.7445456,0.7716477,0.8035986,0.7082008,0.7700568,0.66125,0.7953409,0.8287501,0.8023107,0.8342804,0.8033334,0.600303,0.790284,0.7782387,0.8325758,0.8582198,0.6944697,0.7533334,0.7107575,0.8299432,0.6453029,0.5,0.5,0.6963257,0.5
anneal,0.9791046,0.9461021,0.8693175,0.9935458,0.5143832,0.9071982,0.9562914,0.9287675,0.9591426,0.9247215,0.9868551,0.9809741,0.8692947,0.8252732,0.9821644,0.9829634,0.9858825,0.974084,0.9214293,0.9369805,0.8485146,0.92041,0.8236312,0.5,0.5,0.5062822,0.5
AP_Breast_Kidney,0.9911927,0.9751551,0.9629507,0.9782288,0.969583,0.9614673,0.9404395,0.9653215,0.9831318,0.9852681,0.993174,0.8131884,0.9715061,0.9653683,0.9571735,0.9895718,0.9915336,0.9769053,0.9069393,0.957634,0.9787749,0.9831318,0.9792274,0.5,0.5,0.9593082,0.5
AP_Breast_Omentum,0.9762897,0.9588055,0.9084453,0.9491551,0.9528361,0.8980987,0.9448274,0.9378488,0.9805718,0.8850098,0.9791936,0.7428999,0.9543486,0.9099579,0.9431062,0.9610655,0.9765959,0.9726148,0.7519748,0.9036659,0.9380882,0.9805718,0.9395168,0.5,0.5,0.7801996,0.5
AP_Breast_Prostate,0.9852942,0.9714285,0.9684873,0.9783613,0.9884873,0.9785714,0.9813444,0.9655881,0.9945378,0.9963026,0.9995798,0.9083313,0.9884873,0.9642856,0.9842436,0.9976891,0.9985294,0.9850841,0.9272968,0.9626889,0.9857143,0.9945378,0.9828572,0.5,0.5,0.9714285,0.5
AP_Colon_Kidney,0.9976435,0.9670566,0.9549166,0.9868061,0.9706991,0.977932,0.9463812,0.9629927,0.9969116,0.9810345,0.9972977,0.9126516,0.9726221,0.9556509,0.9561197,0.9960828,0.9986595,0.9966582,0.9392762,0.9603592,0.9783914,0.9969116,0.9834264,0.5,0.5,0.9663887,0.5
AP_Colon_Omentum,0.9752771,0.9441887,0.8990148,0.9432961,0.9370999,0.886207,0.8059113,0.9136006,0.9790794,0.862885,0.9675647,0.7925646,0.9308499,0.8745999,0.8700124,0.9700201,0.9785714,0.9753848,0.7855605,0.8912408,0.9004927,0.9790794,0.9100679,0.5,0.5,0.8400709,0.5
AP_Colon_Ovary,0.977505,0.9298748,0.922935,0.970659,0.9334731,0.9030335,0.9199578,0.9188016,0.9772742,0.9196274,0.9803854,0.7467133,0.9352587,0.9241788,0.9144397,0.9707037,0.9779716,0.9777564,0.8614073,0.9358636,0.9292489,0.9772742,0.9218513,0.5,0.5,0.9102491,0.5
AP_Colon_Prostate,0.9979944,0.9790347,0.9757184,0.9873564,0.9823277,0.9632183,0.9632185,0.9435141,0.9954492,0.9690183,0.9989972,0.714576,0.9841134,0.9755952,0.9686372,0.9946136,0.9974021,0.9819083,0.9560754,0.9667898,0.977032,0.994939,0.9698275,0.5,0.5,0.9738095,0.5
AP_Endometrium_Breast,0.9894118,0.9853921,0.9108263,0.9580461,0.95507,0.9421709,0.9231932,0.9456304,0.9917366,0.9912324,0.9805112,0.6782072,0.9535994,0.9191597,0.8660293,0.9836694,0.9941736,0.9736484,0.8073531,0.8846357,0.9593978,0.9917366,0.962297,0.5,0.5,0.8304061,0.5
AP_Endometrium_Lung,0.979136,0.9563033,0.9189558,0.9424755,0.9446887,0.9729851,0.8664682,0.8668422,0.9702992,0.9724128,0.9769688,0.8077077,0.9684981,0.8756868,0.8455586,0.981166,0.9859278,0.962973,0.8554946,0.8925824,0.9450092,0.9702992,0.9488554,0.5,0.5,0.9246262,0.5
AP_Endometrium_Prostate,0.9857142,0.9785713,0.9857142,0.9785713,0.9928571,0.9916667,0.9845238,0.9773809,0.9928571,1,0.9857142,0.6904762,0.9928571,0.9857142,0.9845238,1,1,1,0.9309524,0.9785713,0.9928571,0.9928571,1,0.5,0.5,0.970238,0.5
AP_Lung_Uterus,0.9766027,0.9342948,0.9413459,0.9660255,0.9516024,0.9073717,0.911859,0.9121796,0.9660256,0.899359,0.9878204,0.8926282,0.9477563,0.9413459,0.8804487,0.9724358,0.9836537,0.9673077,0.775,0.9413459,0.9157052,0.9647436,0.9233974,0.5,0.5,0.9317309,0.5
AP_Omentum_Kidney,0.9935439,0.9822115,0.964423,0.9787774,0.9769916,0.9644916,0.9430973,0.9341001,0.9980769,0.9786057,0.9971154,0.84375,0.9769916,0.9510302,0.9486263,0.9951922,0.9975962,0.989114,0.8920329,0.9514423,0.9707416,0.9980769,0.9759614,0.5,0.5,0.9790521,0.5
AP_Omentum_Lung,0.9679488,0.9424965,0.9111949,0.946812,0.9253661,0.8986033,0.8492788,0.8902586,0.9626832,0.9392514,0.9734431,0.7691507,0.9182232,0.9036399,0.8677196,0.9633471,0.9793842,0.9741586,0.8457187,0.8812042,0.9063642,0.9626832,0.9173532,0.5,0.5,0.8846554,0.5
AP_Omentum_Ovary,0.8639498,0.8117341,0.7140507,0.7808599,0.7177491,0.6862876,0.6777607,0.6949225,0.8195255,0.6790273,0.8430944,0.5944972,0.7087406,0.6527444,0.6862712,0.7740837,0.8631838,0.8504957,0.6110056,0.6867575,0.6709116,0.8195255,0.6810431,0.5,0.5,0.6749038,0.5
AP_Omentum_Uterus,0.9367503,0.9099357,0.8983745,0.9087511,0.8989467,0.8296016,0.8207589,0.8480825,0.9343177,0.9122825,0.928354,0.7433323,0.8912831,0.8983745,0.8566334,0.9530792,0.9657853,0.94917,0.7645605,0.817342,0.9128662,0.9343177,0.9090199,0.5,0.5,0.8644289,0.5
AP_Ovary_Uterus,0.9373954,0.8575819,0.8513799,0.8886006,0.8357793,0.7754115,0.7962897,0.8443672,0.9268202,0.8961463,0.9308806,0.6814389,0.8330397,0.8178542,0.7977716,0.9185688,0.95978,0.9371094,0.6932322,0.8444552,0.877807,0.9305702,0.880759,0.5,0.5,0.8024562,0.5
AP_Prostate_Kidney,0.9989011,0.9845238,0.9768315,0.9845238,0.9724357,0.9735347,0.9768314,0.9787546,0.9955128,0.9918498,0.9994505,0.7858974,0.978205,0.9787546,0.9696886,0.9812729,0.9988095,0.9830586,0.935348,0.9787546,0.9768314,0.9955128,0.9878205,0.5,0.5,0.9702381,0.5
AP_Prostate_Uterus,0.9744047,0.9785714,0.9744047,0.9744047,0.9928571,0.9958333,0.970238,0.9744047,0.9988095,0.9581501,0.9785714,0.765293,0.9928571,0.9744047,0.970238,1,1,0.9845238,0.9339742,0.9744047,0.9768314,0.9988095,0.9747252,0.5,0.5,0.9714285,0.5
AP_Uterus_Kidney,0.9961538,0.9586537,0.9711536,0.9822607,0.9705128,0.9621795,0.9659023,0.9713017,0.9976331,0.9793146,0.9952663,0.8284394,0.9746794,0.9403845,0.9602564,0.99518,0.9961538,0.9902489,0.9115384,0.9525639,0.9903845,0.9976331,0.9785256,0.5,0.5,0.9675048,0.5
ar1,0.6185606,0,0,0,0.45,0.6750001,0.5863636,0.4363636,0,0.456818,0,0.609091,0.6,0,0,0,0.6598486,0,0,0.45,0.4454545,0,0.4454545,0,0,0,0
ar4,0.8618055,0.7916666,0.729861,0.6597221,0.6472222,0.6027776,0.6645834,0.6666665,0.8045138,0.6756945,0.8784722,0.8166666,0.8,0.6548609,0.6177084,0.7673611,0.8124998,0.829861,0.6458332,0.6083333,0.6576388,0.8045138,0.6388888,0.5,0.5,0.5590278,0.5
ar6,0.5538195,0.4819444,0.5451388,0.4819444,0.4996528,0.6545139,0.5114583,0.5201388,0.6625,0.7152779,0.596875,0.7499999,0.6638889,0.5631944,0.5413194,0.5840278,0.6805555,0.621875,0.5756943,0.5381944,0.675,0.6625,0.575,0.5,0.5,0.58125,0.5
arsenic-female-bladder,0.7824135,0.8174618,0.7183289,0.6462987,0.8198361,0.6404919,0.5,0.5510416,0.7260888,0.8052028,0.7930102,0.7897165,0.8603419,0.5427083,0.7818845,0.6489416,0.7621566,0.7923732,0.6342865,0.6931517,0.5666666,0.7263492,0.5666666,0.5,0.5,0.4852228,0.5
arsenic-female-lung,0.938426,0.9333334,0.85,0.9333334,0.8231482,0.8953705,0.5,0.85,0.85,0.8333334,0.8990742,0.8796297,0.8680557,0.85,0.5,0.8972222,0.8916666,0.8930555,0.8962964,0.8930555,0.85,0.85,0.85,0.5,0.5,0.5236112,0.5
arsenic-male-bladder,0.9058613,0.8786688,0.7583333,0.8667802,0.8447066,0.7934312,0.5,0.7583333,0.7583333,0.8166317,0.9217505,0.8689553,0.8663085,0.7583333,0.5398148,0.792514,0.8654786,0.838854,0.7665969,0.838854,0.7583333,0.7583333,0.7583333,0.5,0.5,0.487465,0.5
arsenic-male-lung,0.95,1,0.95,0.95,1,1,0.5,0.95,1,1,1,1,1,0.95,0.5,1,1,1,0.95,0.925,1,1,1,0.5,0.5,0.5396634,0.5
audiology,0.9818995,0.9750367,0.8966912,0.9624632,0.4882352,0.9625489,0.9768627,0.944902,0.9805882,0.8870526,0.9880392,0.9880392,0.9679779,0.8966912,0.9680391,0.9960785,0.9929411,0.9715685,0.962745,0.9750979,0.9459927,0.9805882,0.9378432,0.5,0.5,0.9400981,0.5
auto_price,1,1,0.9537878,0.9818181,0.9946969,0.9265152,0.9469697,0.9431213,1,0.9581818,1,0.9981818,0.9946969,0.9437878,0.9616666,0.9931818,0.9990909,0.9981818,0.9571212,0.9619696,0.9716667,0.9981818,0.9437878,0.5,0.5,0.8268938,0.5
autoHorse,0.9850693,0.9874287,0.8529913,0.9483439,0.9477475,0.8989315,0.9141025,0.9476852,0.9895833,0.9494657,0.9961227,0.9894675,0.9525729,0.8888352,0.9569177,0.9951389,0.9962963,0.9971866,0.9844329,0.9163952,0.9593483,0.9895833,0.9461538,0.5,0.5,0.874742,0.5
autoMpg,0.9616932,0.9733166,0.8889704,0.9346716,0.968627,0.8964912,0.9190017,0.8937184,0.9769006,0.965039,0.964429,0.9723195,0.969003,0.857197,0.9316361,0.9601851,0.9747286,0.969604,0.8988993,0.9284738,0.8941793,0.9769006,0.8771304,0.5,0.5,0.5,0.5
autoPrice,1,1,0.9537878,0.9818181,0.9946969,0.9456061,0.9469697,0.9431213,1,0.9562575,1,0.9981818,0.9965151,0.9437878,0.9666666,0.9931818,0.9981818,0.9963636,0.9571212,0.9619696,0.9516667,1,0.9433333,0.5,0.5,0.8268938,0.5
autos,0.8335949,0.8578232,0.7045002,0.8381869,0.7693485,0.8625458,0.9180074,0.8055207,0.9194009,0.8381934,0.8771455,0.9054814,0.7964677,0.8404762,0.8928113,0.9729722,0.9735871,0.9164837,0.8549448,0.887814,0.8375457,0.8932759,0.8113553,0.5,0.5,0.5012756,0.5
backache,0.6833682,0.7153472,0.7045833,0.7170834,0.5,0.6035417,0.542257,0.5320833,0.5382291,0.5480209,0.6246875,0.6370833,0.699375,0.496875,0.4812847,0.6784375,0.7035417,0.5513888,0.5548264,0.5588889,0.57875,0.5220833,0.5825,0.5,0.5,0.5,0.5
badges2,1,1,1,1,1,1,1,1,1,0.997619,1,1,1,1,1,1,1,1,0.9692459,1,1,1,1,0.5,0.5,0.5787699,0.5
balance-scale,0.9713464,0.8926505,0.6058807,0.881535,0.9941552,0.9808047,0.8263222,0.8734332,0.9886585,0.9820208,0.9803722,0.9813948,0.9941552,0.6100907,0.8926679,0.9272597,0.9757842,0.941149,0.8730486,0.8985078,0.9496125,0.9882021,0.9039828,0.5,0.5,0.948234,0.5
balloon,0.9723264,0.8943219,0.7805976,0.9064305,0.9552082,0.9875381,0.9886493,0.9804631,0.9996203,0.9749446,0.9816932,0.9749321,0.888077,0.6933819,0.9878216,0.9890653,0.999531,0.9282968,0.9890653,0.9890427,0.8784228,0.9748718,0.8054255,0.5,0.5,0.5,0.5
bank32nh,0.8386804,0.8701501,0.670633,0.8566688,0.804421,0.5452227,0.6899645,0.7520005,0.8900326,0.8901661,0.8641694,0.8851701,0.8640207,0.6510163,0.8127762,0.8457355,0.8798825,0.8516266,0.6775694,0.8255334,0.7659711,0.8902807,0.7568876,0.5,0.5,0.7709828,0.5
bank8FM,0.962271,0.9772328,0.7576754,0.9782592,0.976544,0.7290223,0.9420515,0.9402532,0.9890725,0.9892162,0.9744888,0.9885122,0.9740329,0.7570939,0.9723684,0.9803014,0.9883194,0.9657097,0.9105375,0.9681603,0.9389851,0.9891024,0.9367421,0.5,0.5,0.9305265,0.5
biomed,0.9375392,0.9428572,0.7692209,0.8888442,0.9514325,0.8581043,0.8914738,0.8345665,0.9278455,0.9309655,0.9624706,0.9312795,0.9513736,0.8283652,0.8966738,0.9433085,0.9500687,0.9333203,0.8421409,0.8865778,0.8301509,0.9468015,0.852129,0.5,0.5,0.5,0.5
bodyfat,0.9961538,0.9587771,0.9961538,0.9961538,0.9193785,0.8621794,0.9961538,0.9961538,1,0.9892505,0.9961538,0.995069,0.9073965,0.9923076,0.9961538,0.9958333,0.9983974,0.9961539,0.9689101,0.9961538,0.9528846,1,0.9413461,0.5,0.5,0.806361,0.5
boston,0.9183369,0.8911588,0.8032964,0.9047514,0.8511259,0.8092447,0.8779351,0.8758345,0.9239014,0.9297548,0.9195069,0.927654,0.8683505,0.8354311,0.8688241,0.9336363,0.9507342,0.9414983,0.8446894,0.8746045,0.8641255,0.9323141,0.8530542,0.5,0.5,0.7612535,0.5
boston_corrected,0.9216086,0.9232602,0.8107909,0.9084106,0.8180758,0.8046635,0.8346452,0.8674263,0.9450409,0.8947543,0.9336279,0.9359968,0.9124187,0.7854066,0.8918193,0.9074234,0.9367064,0.9383289,0.8316121,0.8875657,0.8647344,0.9461278,0.8661488,0.5,0.5,0.7258113,0.5
breast-cancer,0.7157541,0.7135219,0.6491667,0.7038592,0.6443155,0.63123,0.6280556,0.6088889,0.7016121,0.66625,0.6938343,0.7061955,0.7154267,0.5549208,0.5905953,0.6213792,0.6545338,0.6609524,0.581617,0.6282737,0.5982738,0.7016121,0.5952183,0.5,0.5,0.6198859,0.5
breastTumor,0.9890323,0.678416,0.5873774,0.5693782,0.9879237,0.9743489,0.9484682,0.9691271,0.6484834,0.9929952,0.6401041,0.9926451,0.9879116,0.5125612,0.4943781,0.4892617,0.9913435,0.5823837,0.4696386,0.9586395,0.9652138,0.6484834,0.968384,0.5,0.5,0.5504288,0.5
breast-w,0.6378983,0.9920922,0.930349,0.9879818,0.6448531,0.4594516,0.5590074,0.578799,0.9933677,0.6418506,0.9918027,0.6497089,0.6745406,0.9038347,0.9704591,0.9842624,0.5171262,0.9877488,0.9237041,0.5993718,0.5968137,0.9933677,0.6351103,0.5,0.5,0.9212079,0.5
bridges,0.908631,0.9163094,0.7483335,0.8442858,0.9284524,0.7786905,0.7442262,0.8586906,0.9340476,0.8839286,0.9089881,0.9265475,0.9351191,0.5,0.875238,0.7664286,0.8389285,0.8430952,0.5685714,0.5,0.8072618,0.9340476,0.7822618,0.5,0.5,0.555119,0.5
cal_housing,0.880069,0.9022436,0.7293954,0.9266988,0.8152563,0.8171711,0.9086539,0.8702031,0.9450609,0.9181304,0.8864301,0.9173027,0.8388281,0.7227415,0.9314511,0.9469248,0.9603076,0.9411116,0.8345067,0.9227288,0.8350629,0.9176522,0.8281855,0.5,0.5,0.6886209,0.5
car,0.8966941,0.989828,0.7256198,0.9728038,0.9898118,0.9997763,0.9819023,0.963743,0.9998722,0.9913042,0.9819954,0.987088,0.9898118,0.674093,0.9960525,0.9955304,0.9983209,0.9822016,0.9591478,0.985853,0.9474573,0.9900206,0.9404106,0.5,0.5,0.9395806,0.5
cars,0.9437896,0.9394891,0.8455513,0.9511975,0.5856686,0.8655191,0.8757167,0.907411,0.957623,0.7263871,0.9535955,0.8644975,0.896104,0.6614582,0.8397436,0.963598,0.9749668,0.9814449,0.8462532,0.7738173,0.8881955,0.9524127,0.8876058,0.5,0.5,0.5,0.5
chatfield_4,0.9462566,0.9447883,0.8981744,0.9586376,0.9390475,0.8160317,0.9145501,0.8734391,0.9662963,0.9683862,0.9459259,0.9633068,0.9390474,0.8659522,0.8818519,0.9413623,0.9566138,0.9551587,0.8372222,0.8783331,0.8821427,0.9662963,0.8479365,0.5,0.5,0.7822222,0.5
cholesterol,0.5701377,0.6004374,0.4986607,0.5491384,0.5768908,0.5067852,0.5480689,0.5088316,0.5529898,0.6081124,0.5641464,0.6294249,0.5886736,0.4854941,0.4858638,0.5100104,0.5630859,0.5412988,0.4887686,0.4882343,0.5592518,0.5529898,0.5648957,0.5,0.5,0.5543937,0.5
chscase_census2,0.4918593,0.4947368,0.5168797,0.4947368,0.5067318,0.5425439,0.4823599,0.5252425,0.4898252,0.5045827,0.4868458,0.5513703,0.4845351,0.4669423,0.4839849,0.5617503,0.5355605,0.5406103,0.5326128,0.5023643,0.4797055,0.5018252,0.468302,0.5,0.5,0.521527,0.5
chscase_census3,0.4555426,0.5,0.4653069,0.5,0.4788384,0.4968796,0.5,0.4687012,0.507027,0.4970237,0.4510413,0.5305534,0.476701,0.4525188,0.5,0.4704619,0.4362507,0.4511778,0.5106517,0.5165153,0.4860087,0.507027,0.506911,0.5,0.5,0.470954,0.5
chscase_census5,0.5186417,0.5,0.5221553,0.5,0.4677945,0.5243045,0.5,0.5016613,0.5,0.4570615,0.5054882,0.4385376,0.4597902,0.5020176,0.5,0.4481582,0.4910943,0.5003308,0.4620613,0.5149004,0.4900061,0.5,0.4808521,0.5,0.5,0.5126348,0.5
chscase_census6,0.4476919,0.5,0.4850544,0.5,0.4740079,0.5000345,0.5,0.4794623,0.4631933,0.4539376,0.4265156,0.4419317,0.4600577,0.5472878,0.5,0.463189,0.4630116,0.4758306,0.5004902,0.5088066,0.4979167,0.4631933,0.5,0.5,0.5,0.4648911,0.5
chscase_funds,0.6600771,0.6862808,0.6520834,0.6856635,0.6658641,0.5866666,0.6552469,0.6604168,0.701852,0.6941665,0.6843364,0.6648765,0.6669753,0.5,0.6502932,0.6459799,0.6497144,0.6692438,0.5909722,0.5,0.6375001,0.698102,0.645,0.5,0.5,0.5,0.5
chscase_geyser1,0.9274724,0.8608516,0.854014,0.8779304,0.7554487,0.7996833,0.8565781,0.8651251,0.9234585,0.924504,0.9010341,0.9301664,0.9201389,0.8686965,0.8565781,0.8096802,0.8696772,0.8818834,0.8096802,0.8582875,0.8853632,0.9234585,0.8686965,0.5,0.5,0.6355542,0.5
chscase_vine2,0.8260916,0.8323038,0.6127979,0.8398131,0.7990629,0.9002802,0.9091971,0.8566743,0.8913248,0.5030071,0.8609833,0.5019992,0.7996284,0.7562248,0.891502,0.8485147,0.9452308,0.8377777,0.8485147,0.9068468,0.5,0.5219661,0.5208791,0.5,0.5,0.4961456,0.5
chscase_whale,1,0.9867423,0.9867423,1,0.9867423,0.9867423,1,0.9954545,0.9958333,1,1,1,0.9901515,0.9867423,1,1,1,0.9958678,0.9772727,0.9867423,1,0.9958333,0.9867423,0.5,0.5,0.5180096,0.5
cleveland,0.8976447,0.9073287,0.7200792,0.8382919,0.9008101,0.7537997,0.7724911,0.7772806,0.9043916,0.8963053,0.8933137,0.8856314,0.9038744,0.7245435,0.801736,0.8682772,0.9008665,0.9006677,0.7517231,0.8074508,0.819251,0.9043916,0.8234141,0.5,0.5,0.6950216,0.5
cmc,0.7301953,0.7119747,0.5742972,0.7206831,0.6913458,0.5991527,0.7004593,0.712642,0.7348526,0.7058407,0.747397,0.6916115,0.6969241,0.6325749,0.6679452,0.6944424,0.7290846,0.7513957,0.6263311,0.7193096,0.6458115,0.7011895,0.6373181,0.5,0.5,0.6550129,0.5
colic,0.8695492,0.8495022,0.8139106,0.8505137,0.8322942,0.7965033,0.8492942,0.8133253,0.8707147,0.8400762,0.8716435,0.8702918,0.8498647,0.8132696,0.8695602,0.9018117,0.9123546,0.8911849,0.8710863,0.8608327,0.7813894,0.8693222,0.8105102,0.5,0.5,0.5799065,0.5
colleges_aaup,0.9982662,0.9858119,0.9538249,0.9939754,0.9872587,0.8759437,0.9868077,0.9738291,0.9995011,0.9700937,0.9984802,0.9586159,0.9899086,0.5,0.9817718,0.9969544,0.9987623,0.9972186,0.8611564,0.5,0.9622533,0.9995011,0.9508246,0.5,0.5,0.795097,0.5
colleges_usnews,0.789473,0.800949,0.6989741,0.770881,0.7779364,0.6052793,0.7091521,0.6995072,0.8078338,0.679217,0.7915742,0.798959,0.8048234,0.5021438,0.7085106,0.7917979,0.8105882,0.7841362,0.6663145,0.5007831,0.7172832,0.8086171,0.7286915,0.5,0.5,0.6924299,0.5
collins,1,1,1,0.9988095,1,1,0.9925595,1,1,1,1,1,0.9806547,0.5,0.9925595,1,1,1,0.7888393,0.5,1,1,1,0.5,0.5,0.5,0.5
cpu,0.99875,0.9909722,0.8745833,0.9762917,0.9904167,0.9109445,0.9652083,0.9477084,1,0.9715556,0.99875,0.9988889,0.9918056,0.6991666,0.9227083,0.9976389,0.9976389,0.9877778,0.9260417,0.9097917,0.9720833,1,0.91375,0.5,0.5,0.6258472,0.5
cpu_act,0.9387504,0.9658466,0.8143753,0.9582004,0.8626148,0.8906711,0.9157661,0.9113877,0.9801318,0.9799116,0.9605146,0.9686943,0.9565752,0.8016963,0.9584966,0.9745874,0.9821922,0.9776628,0.8828373,0.9523942,0.9129342,0.9797519,0.8990172,0.5,0.5,0.6717583,0.5
cpu_small,0.9328224,0.9607677,0.7759232,0.9520221,0.8465472,0.8756024,0.9131025,0.8931626,0.9689796,0.9678857,0.9537917,0.9608239,0.9491357,0.772732,0.9513895,0.964987,0.9765053,0.9684797,0.8639113,0.9394059,0.8848115,0.9671602,0.8766515,0.5,0.5,0.6717824,0.5
credit-a,0.9319922,0.9196871,0.8620073,0.9173577,0.8620073,0.8082557,0.893571,0.8612671,0.9236566,0.9051674,0.9358084,0.9081691,0.8959178,0.8620073,0.8921341,0.8979895,0.92156,0.9100076,0.7926368,0.8759437,0.8591661,0.9224681,0.8565345,0.5,0.5,0.6409058,0.5
credit-g,0.7247381,0.7798095,0.6719048,0.7295239,0.7859999,0.66,0.6464285,0.6178571,0.7947142,0.7864047,0.7305714,0.762381,0.7877143,0.5235715,0.6512381,0.750857,0.7852619,0.7722141,0.6335952,0.7172381,0.6907143,0.7947142,0.6707142,0.5,0.5,0.5,0.5
cylinder-bands,0.8000939,0.8341981,0.6321597,0.7230926,0.5376047,0.7219769,0.5,0.655875,0.8391588,0.8539612,0.7821382,0.6928644,0.8138937,0.5481692,0.5257467,0.8661647,0.8935046,0.7199494,0.6903986,0.5588194,0.8096503,0.8178715,0.803179,0.5,0.5,0.5,0.5
datatrieve,0.7219698,0.4791666,0.5287878,0.4958333,0.5,0.5583332,0.475,0.5458333,0.5666666,0.8204546,0.7844698,0.825,0.7727272,0.6162878,0.5375,0.5727272,0.6662879,0.4829545,0.5833333,0.4833333,0.5,0.5666666,0.5,0.5,0.5,0.5,0.5
delta_ailerons,0.9637451,0.9699684,0.935185,0.9651873,0.9400539,0.913614,0.9499805,0.9484601,0.9720233,0.9719138,0.9701796,0.9700495,0.9656838,0.935502,0.9685744,0.9699554,0.9795022,0.9720797,0.9151878,0.9614692,0.9377988,0.9698062,0.9389888,0.5,0.5,0.9284264,0.5
delta_elevators,0.934898,0.934422,0.8347882,0.9390484,0.9068116,0.82836,0.904599,0.8955122,0.9418887,0.9425255,0.9375967,0.9422746,0.934749,0.8352354,0.9315118,0.9239183,0.9412717,0.9340758,0.8306138,0.925347,0.8801121,0.9418887,0.8805617,0.5,0.5,0.840016,0.5
diabetes,0.804671,0.8090897,0.6851082,0.7776923,0.8170598,0.6614586,0.7491454,0.7023673,0.8323904,0.8344958,0.8129401,0.8315299,0.8206495,0.6490968,0.789198,0.7888447,0.820577,0.8142494,0.6564758,0.7547821,0.7290541,0.8323904,0.718943,0.5,0.5,0.577953,0.5
diggle_table_a2,1,0.9995798,1,1,0.9657073,0.9845098,0.9966667,0.9966667,1,0.9941316,1,0.9991667,0.9661239,1,0.9966667,1,1,1,1,0.9970588,0.9758946,1,0.9141947,0.5,0.5,0.8810136,0.5
disclosure_x_bias,0.5076472,0.5,0.4794676,0.5,0.541262,0.5000151,0.4910846,0.5270104,0.5768708,0.5762299,0.4928287,0.5870529,0.5696693,0.4695985,0.4910846,0.5021584,0.5102056,0.5323963,0.493564,0.5101117,0.5704676,0.5768708,0.5510559,0.5,0.5,0.5566719,0.5
disclosure_x_noise,0.5281684,0.5,0.5244738,0.5,0.5423633,0.5075422,0.5015598,0.517788,0.5450822,0.5556477,0.5283308,0.5483678,0.5486401,0.5015625,0.5015598,0.5023393,0.4882235,0.5168813,0.4952763,0.4862846,0.5523564,0.5450822,0.5566763,0.5,0.5,0.5193708,0.5
disclosure_x_tampered,0.5279519,0.4939394,0.4978749,0.4939394,0.5161496,0.5062917,0.4939394,0.5410985,0.5521331,0.5521332,0.5330201,0.5349097,0.5476179,0.4864583,0.4939394,0.4820669,0.4871457,0.495306,0.5135862,0.4914748,0.5519608,0.5521331,0.5485684,0.5,0.5,0.5179315,0.5
disclosure_z,0.5011357,0.5,0.4872576,0.5,0.5730187,0.5356854,0.5,0.5443307,0.5726065,0.5764394,0.545462,0.5828425,0.576879,0.5331438,0.5,0.5120985,0.5213006,0.5341326,0.4771066,0.5405859,0.5632189,0.5726065,0.5468312,0.5,0.5,0.5450069,0.5
echoMonths,0.7773811,0.8166668,0.7952381,0.7845238,0.8166667,0.682143,0.8071428,0.8023809,0.7785713,0.7880953,0.797619,0.7952382,0.8166666,0.7952381,0.8178571,0.7940475,0.8309523,0.7892857,0.7690476,0.8142857,0.7952381,0.7916666,0.7952381,0.5,0.5,0.5738095,0.5
ecoli,0.9874812,0.9833866,0.8572994,0.9829292,0.9802004,0.9427944,0.9626505,0.9581172,0.9887342,0.987995,0.9853446,0.9865538,0.9872619,0.8573371,0.9722337,0.9796429,0.9872682,0.9863409,0.9194612,0.9471805,0.9637594,0.9887342,0.9621993,0.5,0.5,0.9613314,0.5
electricity,0.8283764,0.8139164,0.7322204,0.892735,0.8315237,0.7903917,0.9285745,0.8701809,0.9473306,0.8273975,0.8548807,0.8161545,0.7898398,0.7431121,0.9384624,0.9731838,0.9776884,0.949621,0.8764837,0.9307143,0.740639,0.8248944,0.7349431,0.5,0.5,0.729385,0.5
elevators,0.8224055,0.8044734,0.7018977,0.8392007,0.8006375,0.742625,0.8238619,0.7868397,0.9456613,0.9432004,0.8357324,0.940544,0.7992241,0.6927598,0.8640899,0.8949173,0.9169364,0.8785028,0.7619622,0.8469771,0.8500175,0.9433406,0.8202018,0.5,0.5,0.5266821,0.5
flags,0.7485806,0.8225276,0.663782,0.720238,0.7536632,0.6766942,0.6590203,0.6675825,0.8356685,0.7690019,0.8314561,0.8118132,0.7953299,0.5,0.7481684,0.7277475,0.796154,0.772848,0.6256869,0.5,0.7217033,0.82413,0.7130954,0.5,0.5,0.5301739,0.5
fri_c0_100_10,0.83825,0.5380833,0.5341666,0.4854167,0.9463333,0.7108333,0.6963333,0.8505833,0.9181667,0.9228334,0.8588334,0.8979999,0.9503333,0.5241666,0.71275,0.819,0.9263332,0.79325,0.735,0.8404167,0.8041668,0.9306667,0.8125001,0.5,0.5,0.8880832,0.5
fri_c0_100_25,0.82,0.696,0.64,0.692,0.82,0.61,0.686,0.686,0.868,0.81,0.822,0.824,0.82,0.43,0.702,0.682,0.842,0.82,0.61,0.688,0.69,0.888,0.76,0.5,0.5,0.744,0.5
fri_c0_100_5,0.9000833,0.8085833,0.6141667,0.8104166,0.9471666,0.8575001,0.7885,0.7381667,0.9186666,0.8904999,0.8844999,0.9021667,0.9513333,0.5691667,0.7575833,0.8638332,0.90025,0.86325,0.6766666,0.671,0.8275,0.9186666,0.8358334,0.5,0.5,0.8825,0.5
fri_c0_100_50,0.7918333,0.7026667,0.5841667,0.6666667,0.8078333,0.655,0.6344167,0.6205,0.7748333,0.6308333,0.755,0.7676667,0.8158333,0.6141667,0.6678333,0.6783333,0.79775,0.8353333,0.5766667,0.61825,0.6708333,0.7748333,0.6725,0.5,0.5,0.6731667,0.5
fri_c0_1000_10,0.9014633,0.9121073,0.6821048,0.8877184,0.9395576,0.7353845,0.833161,0.8371637,0.9060053,0.913008,0.9183309,0.9094865,0.9394977,0.656814,0.8584488,0.9270528,0.9511021,0.9163098,0.7969492,0.8828579,0.8346607,0.9141284,0.8418232,0.5,0.5,0.8422032,0.5
fri_c0_1000_25,0.9162296,0.9161107,0.709305,0.8964078,0.9331924,0.6559324,0.7923547,0.85536,0.9003888,0.8993081,0.9313519,0.8939675,0.9341524,0.6069151,0.8453424,0.8992882,0.9385931,0.9241109,0.7358143,0.8672444,0.8228599,0.9093903,0.8178992,0.5,0.5,0.8237003,0.5
fri_c0_1000_5,0.9092463,0.9221887,0.6907223,0.8912875,0.9505521,0.8519824,0.8592413,0.8639846,0.934151,0.9200286,0.9244681,0.9190284,0.9505122,0.6680556,0.8850642,0.9431142,0.9606557,0.9220098,0.8210224,0.8789868,0.8480192,0.9206288,0.8510396,0.5,0.5,0.8601006,0.5
fri_c0_1000_50,0.8959583,0.892917,0.6762504,0.8745299,0.9091637,0.6369549,0.7840335,0.834994,0.9024808,0.8925172,0.9226891,0.8854141,0.9190077,0.6479792,0.82465,0.8764506,0.9291917,0.8900161,0.6796719,0.8677469,0.8304122,0.9024409,0.8211885,0.5,0.5,0.8141655,0.5
fri_c0_250_10,0.8971154,0.839423,0.7317306,0.8317308,0.9051283,0.7150641,0.823718,0.825,0.8884616,0.8903845,0.8977564,0.8576923,0.9185898,0.6769231,0.8339745,0.899359,0.9339743,0.8852564,0.7948719,0.8298077,0.7801281,0.876923,0.7926281,0.5,0.5,0.8012821,0.5
fri_c0_250_25,0.8759616,0.8310898,0.6567307,0.8176282,0.8080128,0.6282051,0.7689102,0.7551282,0.874359,0.8788461,0.8647438,0.8608975,0.9102563,0.6096153,0.7749999,0.8564103,0.9262821,0.8759616,0.6567308,0.7974358,0.7923076,0.874359,0.8044872,0.5,0.5,0.772436,0.5
fri_c0_250_5,0.873718,0.8339742,0.6256411,0.8173077,0.8826924,0.8044873,0.8448717,0.8086538,0.8692307,0.8807692,0.9044872,0.8826924,0.925,0.5439104,0.8419872,0.8977564,0.9240383,0.8663461,0.7817309,0.8169871,0.8121795,0.8705128,0.7967949,0.5,0.5,0.8355768,0.5
fri_c0_250_50,0.8630452,0.7573469,0.6799659,0.6984598,0.8565934,0.5652098,0.7780719,0.7396395,0.8860972,0.8642359,0.8569305,0.8501665,0.8565934,0.6141067,0.7036088,0.7572551,0.8408257,0.8141359,0.5442766,0.7675074,0.7789168,0.8860972,0.7513071,0.5,0.5,0.7843157,0.5
fri_c0_500_10,0.9059521,0.8960171,0.6980578,0.8960983,0.9253295,0.7572499,0.793871,0.8375309,0.9242082,0.9134723,0.9394324,0.9065847,0.929176,0.6256218,0.8327291,0.9211687,0.9391135,0.8807927,0.8099744,0.8509184,0.8229425,0.9206826,0.820859,0.5,0.5,0.8318357,0.5
fri_c0_500_25,0.9136264,0.8490228,0.6529359,0.8329358,0.9012054,0.6136666,0.763843,0.8108989,0.8932115,0.8784808,0.9234742,0.8859218,0.9157896,0.6956026,0.7839993,0.8747305,0.9302756,0.8807299,0.6618846,0.8017125,0.7765577,0.8932115,0.7791153,0.5,0.5,0.7916112,0.5
fri_c0_500_5,0.908396,0.8772744,0.7343718,0.8663913,0.9286341,0.8059038,0.8385506,0.8294251,0.9028723,0.9089482,0.9154371,0.9038292,0.9286341,0.6601923,0.8488631,0.90127,0.9462342,0.8958277,0.7980641,0.8429451,0.8239808,0.9086282,0.8279808,0.5,0.5,0.8378208,0.5
fri_c0_500_50,0.9281777,0.8824359,0.7140322,0.8673007,0.9031778,0.6063334,0.7745031,0.7941229,0.914161,0.895901,0.9288055,0.8584166,0.9056572,0.7001987,0.7394416,0.8682121,0.9192755,0.8967712,0.6302436,0.8399461,0.8142115,0.914161,0.806141,0.5,0.5,0.7952322,0.5
fri_c1_100_10,0.7414167,0.7526666,0.7266667,0.7570834,0.7088333,0.6125001,0.748,0.7185,0.7715,0.694,0.8119166,0.6973333,0.7088333,0.765,0.7164167,0.857,0.875,0.7495,0.725,0.7436667,0.6200001,0.584,0.6483334,0.5,0.5,0.6496667,0.5
fri_c1_100_25,0.7990834,0.7822499,0.7658333,0.7735833,0.7523333,0.6283333,0.78225,0.7595,0.858,0.7291666,0.7749999,0.721,0.7483333,0.6533333,0.8613334,0.7838334,0.8698333,0.7928334,0.6783333,0.7520833,0.6483334,0.6758334,0.6741667,0.5,0.5,0.71475,0.5
fri_c1_100_5,0.83475,0.7663333,0.7300001,0.7423333,0.816,0.7108334,0.7956666,0.7433333,0.8533332,0.6941667,0.8404167,0.702,0.812,0.6649999,0.7858333,0.8930833,0.9063333,0.8345001,0.6858334,0.7641667,0.6416667,0.6148334,0.6091667,0.5,0.5,0.7071667,0.5
fri_c1_100_50,0.7546667,0.6188333,0.6233333,0.6188333,0.5083333,0.5441667,0.7022501,0.6496667,0.7051667,0.5454167,0.7501667,0.5996667,0.5213334,0.8008334,0.7552501,0.6525834,0.7580833,0.7504999,0.47,0.6835834,0.58,0.6245001,0.5883334,0.5,0.5,0.4777501,0.5
fri_c1_1000_10,0.8928669,0.9299347,0.7284707,0.9391948,0.7528588,0.7036022,0.8873585,0.8836251,0.9435178,0.7471942,0.9291473,0.6866747,0.7522465,0.7640932,0.9105695,0.9679149,0.9740641,0.9490709,0.8304512,0.9024792,0.6720407,0.7517851,0.6745056,0.5,0.5,0.6788531,0.5
fri_c1_1000_25,0.8881141,0.9214856,0.6912517,0.9312556,0.7090156,0.593665,0.8492004,0.868409,0.9296238,0.7117538,0.9303889,0.6630459,0.7102238,0.728173,0.8766676,0.9339586,0.964021,0.9316678,0.7480391,0.8817866,0.6339789,0.6901802,0.6412319,0.5,0.5,0.6319104,0.5
fri_c1_1000_5,0.8632003,0.9163208,0.700669,0.9171444,0.7227053,0.8702254,0.8918111,0.9186405,0.9533445,0.7035977,0.9188236,0.7019099,0.7226253,0.7088325,0.9196392,0.966419,0.9804774,0.9497266,0.8712011,0.9024596,0.6224272,0.689596,0.6226556,0.5,0.5,0.6408711,0.5
fri_c1_1000_50,0.8970583,0.9123551,0.7255504,0.9181641,0.7302001,0.5739468,0.855609,0.886952,0.9373562,0.7161445,0.9250805,0.6914778,0.7393963,0.7611865,0.8776908,0.8862087,0.9419449,0.9379708,0.6892739,0.8896151,0.6500505,0.7258198,0.6647613,0.5,0.5,0.6563167,0.5
fri_c1_250_10,0.9025973,0.9188312,0.7448053,0.9178571,0.7428572,0.6951299,0.8551948,0.8272727,0.9084414,0.7435065,0.9074674,0.7246752,0.7428572,0.7834415,0.8633116,0.9409092,0.957792,0.9172077,0.8311688,0.845779,0.6857143,0.7383118,0.6967532,0.5,0.5,0.7149352,0.5
fri_c1_250_25,0.8425931,0.8817748,0.6634199,0.8954934,0.6605714,0.5660605,0.8878051,0.8191472,0.8849003,0.6300173,0.9016882,0.6250043,0.6599221,0.7552382,0.8647273,0.9167316,0.9552769,0.9267098,0.7224892,0.8391471,0.5501947,0.594961,0.5717315,0.5,0.5,0.5822035,0.5
fri_c1_250_5,0.9406386,0.919801,0.7577589,0.8957334,0.7604812,0.8434398,0.8533008,0.8719238,0.944805,0.7431401,0.9425865,0.6873959,0.7611222,0.8094322,0.9032925,0.9589535,0.9778513,0.9412961,0.8835497,0.8707959,0.6739553,0.6719614,0.6861348,0.5,0.5,0.6989427,0.5
fri_c1_250_50,0.9364801,0.92751,0.7545247,0.9155553,0.7547204,0.586526,0.8711497,0.8435023,0.9195969,0.7003746,0.9278303,0.6593657,0.7547203,0.7695013,0.8319807,0.9042872,0.9270979,0.930844,0.6418873,0.8662045,0.5986098,0.724126,0.6198302,0.5,0.5,0.657376,0.5
fri_c1_500_10,0.9019166,0.9135534,0.7234339,0.909407,0.7286242,0.697315,0.8773831,0.8814953,0.9484064,0.7281607,0.9388629,0.7078331,0.7331318,0.7761332,0.8750463,0.9494066,0.9690352,0.9468498,0.8412973,0.8908488,0.6604498,0.7342603,0.666777,0.5,0.5,0.6596824,0.5
fri_c1_500_25,0.8971642,0.9169334,0.682855,0.9281162,0.7405463,0.5896848,0.794607,0.8543942,0.887922,0.7204596,0.912128,0.7056554,0.7408676,0.6968033,0.8437465,0.9099085,0.9493674,0.929498,0.738309,0.855131,0.653066,0.7234757,0.6756418,0.5,0.5,0.6327021,0.5
fri_c1_500_5,0.8869177,0.9044685,0.7417137,0.8989262,0.735772,0.82969,0.8769389,0.8694971,0.9079346,0.7284226,0.8976241,0.7006635,0.7348074,0.7579362,0.8690628,0.9293458,0.9558022,0.9293668,0.846771,0.8757038,0.6888781,0.6886125,0.6962515,0.5,0.5,0.6838548,0.5
fri_c1_500_50,0.8814326,0.8884378,0.7144843,0.8982181,0.6691642,0.559713,0.8072525,0.8534107,0.9045112,0.6648403,0.8981955,0.6623606,0.6694871,0.7581289,0.7937995,0.8471843,0.9036343,0.9048924,0.6666598,0.8705957,0.602781,0.6246663,0.6195335,0.5,0.5,0.6289566,0.5
fri_c2_100_10,0.8295833,0.8230833,0.7249999,0.7538333,0.7853333,0.6241667,0.7445833,0.7314999,0.7766666,0.7765,0.8495832,0.8061667,0.7853333,0.7541666,0.75,0.8478333,0.8726666,0.8091667,0.6925,0.7285834,0.7025,0.7966666,0.7083334,0.5,0.5,0.69025,0.5
fri_c2_100_25,0.8096665,0.8539167,0.7675001,0.7738335,0.8021666,0.5424999,0.7600832,0.8331667,0.794,0.6628334,0.8125,0.7116666,0.8021666,0.7591667,0.7771666,0.8809999,0.9136667,0.8583334,0.6624999,0.8104167,0.7016666,0.814,0.7225,0.5,0.5,0.6355,0.5
fri_c2_100_5,0.8208333,0.7791668,0.7250001,0.7020834,0.7499999,0.7791666,0.7562499,0.74375,0.725,0.7083332,0.8416667,0.7375001,0.7499999,0.6666667,0.7437499,0.8166666,0.8979167,0.8,0.7541668,0.7229165,0.7583335,0.7166667,0.7500001,0.5,0.5,0.7062498,0.5
fri_c2_100_50,0.88575,0.9145833,0.8283334,0.9041666,0.7803332,0.6158333,0.8090833,0.8305001,0.8258332,0.6080833,0.91525,0.656,0.7844999,0.8408334,0.7651667,0.87375,0.9480833,0.91875,0.5766667,0.7966667,0.6291667,0.8258332,0.5983333,0.5,0.5,0.7138333,0.5
fri_c2_1000_10,0.9135057,0.9180625,0.779844,0.9300082,0.7437191,0.7434729,0.8995073,0.8930625,0.9626027,0.7848113,0.9273399,0.7295772,0.7401888,0.7575123,0.9152504,0.9684934,0.975123,0.9442119,0.8616996,0.909339,0.7332512,0.7474961,0.7537767,0.5,0.5,0.711248,0.5
fri_c2_1000_25,0.9158,0.9266088,0.7689994,0.9436372,0.7392662,0.617853,0.8417726,0.8901824,0.9365436,0.7574515,0.929405,0.735245,0.7388796,0.7808784,0.885687,0.9397324,0.9596627,0.9396222,0.7740119,0.9106389,0.6880445,0.7192117,0.7262386,0.5,0.5,0.6939897,0.5
fri_c2_1000_5,0.9339382,0.9423787,0.8062047,0.9494046,0.7701919,0.8828474,0.9079983,0.9033649,0.9687242,0.7953222,0.9470239,0.7557542,0.7701916,0.7801491,0.9307135,0.9635812,0.9815593,0.9538637,0.8931937,0.9235601,0.7690991,0.7507729,0.7822906,0.5,0.5,0.7437316,0.5
fri_c2_1000_50,0.9070842,0.9277492,0.784373,0.934397,0.7497171,0.5606379,0.8461502,0.8776334,0.9360378,0.7592624,0.9303293,0.7414613,0.7517303,0.7658383,0.8444971,0.9082929,0.9354705,0.9128648,0.6793108,0.8763183,0.6721074,0.7231719,0.6925043,0.5,0.5,0.6804171,0.5
fri_c2_250_10,0.9438611,0.9312084,0.8320831,0.9012917,0.8331111,0.7763888,0.8665278,0.8741666,0.8943056,0.8240554,0.9452916,0.8187221,0.8331111,0.8238194,0.8507917,0.9527363,0.9585001,0.9397222,0.8465275,0.9090415,0.786597,0.8168055,0.8029166,0.5,0.5,0.8051112,0.5
fri_c2_250_25,0.9024891,0.8826839,0.7814892,0.8559814,0.687013,0.5457585,0.7934566,0.7853356,0.865243,0.7288796,0.9336163,0.6922411,0.7244006,0.7727273,0.7851233,0.8824882,0.9251539,0.8912338,0.7483601,0.7903597,0.6789336,0.6997837,0.6650809,0.5,0.5,0.6605102,0.5
fri_c2_250_5,0.8987012,0.8688312,0.7779222,0.8694805,0.7493507,0.8142859,0.8665584,0.8347403,0.8922078,0.77013,0.9032467,0.7353896,0.7487013,0.784091,0.8737013,0.9457791,0.9694804,0.9237011,0.8376623,0.8087663,0.7470779,0.7311688,0.7805195,0.5,0.5,0.7301948,0.5
fri_c2_250_50,0.8416085,0.8760198,0.7663211,0.8296912,0.7188813,0.5333291,0.7831502,0.794722,0.8327588,0.7377372,0.8727814,0.6897021,0.7312605,0.7929946,0.746133,0.8368382,0.90805,0.8901889,0.6741383,0.8264527,0.660194,0.6900101,0.6931026,0.5,0.5,0.6293832,0.5
fri_c2_500_10,0.9310477,0.9076961,0.7883118,0.9372556,0.7476881,0.7068462,0.9327232,0.9039072,0.9433947,0.7546723,0.9369673,0.741746,0.7486733,0.7820662,0.9341395,0.9598478,0.9766796,0.9357908,0.8633695,0.9104149,0.7601582,0.7295902,0.7925715,0.5,0.5,0.7329639,0.5
fri_c2_500_25,0.8917351,0.8966411,0.741081,0.9064906,0.6635478,0.5776528,0.8178455,0.8282399,0.9054275,0.665893,0.9112203,0.6815228,0.6781607,0.7531564,0.8438797,0.8955561,0.9346407,0.9025763,0.7344822,0.8435015,0.5671095,0.6596127,0.5853226,0.5,0.5,0.5970267,0.5
fri_c2_500_5,0.9086077,0.8945545,0.7928819,0.9108131,0.7452683,0.8757839,0.8877808,0.8784064,0.9069556,0.7708128,0.9251757,0.7290166,0.743788,0.7789451,0.9015611,0.9448875,0.9689211,0.938629,0.8847741,0.896126,0.7084238,0.7202201,0.7344335,0.5,0.5,0.706004,0.5
fri_c2_500_50,0.9148257,0.9067159,0.8050657,0.9224885,0.7703079,0.5514286,0.853261,0.8621396,0.9136321,0.7598449,0.9422611,0.7692446,0.777303,0.7746962,0.850452,0.8887328,0.9341325,0.9248809,0.6522948,0.8689975,0.663986,0.7713867,0.7176436,0.5,0.5,0.6680518,0.5
fri_c3_100_10,0.6791667,0.5416667,0.5083333,0.59375,0.4916667,0.5666667,0.8062499,0.7375001,0.7583333,0.6374999,0.7875,0.6874997,0.6250001,0.5958334,0.8020834,0.84375,0.8770833,0.8020833,0.7166669,0.7833333,0.5041668,0.6458333,0.5250001,0.5,0.5,0.5666667,0.5
fri_c3_100_25,0.6434167,0.4666667,0.4116667,0.4666667,0.4469999,0.5691666,0.54175,0.6085,0.5013333,0.5483333,0.6808334,0.4661667,0.5204999,0.6508333,0.732,0.6125833,0.7501666,0.7396666,0.6024999,0.6248333,0.5608334,0.4771667,0.5966667,0.5,0.5,0.5147501,0.5
fri_c3_100_5,0.8805,0.7250833,0.5975,0.6648333,0.6658335,0.7916667,0.7653333,0.7355834,0.7361666,0.765,0.9132501,0.6945,0.6618335,0.6750001,0.7859166,0.8891668,0.9175,0.876,0.8333333,0.671,0.6483333,0.7531667,0.6708333,0.5,0.5,0.6859167,0.5
fri_c3_100_50,0.8422618,0.8749999,0.7619049,0.8511904,0.525,0.5755952,0.6595239,0.7830358,0.867262,0.5199405,0.8098214,0.4892857,0.5916666,0.8107142,0.7744047,0.8017858,0.7815476,0.8687499,0.5351191,0.6964286,0.494643,0.7113095,0.4392859,0.5,0.5,0.6211309,0.5
fri_c3_1000_10,0.9143263,0.9237214,0.7026786,0.9298904,0.7036123,0.7215909,0.8827112,0.8822645,0.9494724,0.7209009,0.9316559,0.7211852,0.7099027,0.7439935,0.9200285,0.9562298,0.9711647,0.9395496,0.8246753,0.9037946,0.663961,0.7230925,0.6557629,0.5,0.5,0.6600244,0.5
fri_c3_1000_25,0.9119924,0.9260366,0.7008712,0.9451223,0.7205044,0.5487535,0.882172,0.8853528,0.9409993,0.7258601,0.9345034,0.7134907,0.7236631,0.7365782,0.9019114,0.9422485,0.9656251,0.940454,0.7551028,0.8989513,0.6493777,0.7245944,0.6586687,0.5,0.5,0.6546968,0.5
fri_c3_1000_5,0.8890814,0.9216928,0.7053627,0.9244011,0.7183743,0.882923,0.8900814,0.8810761,0.9446134,0.7163946,0.9187872,0.6782995,0.7191972,0.7259326,0.9029658,0.9564757,0.973765,0.9445028,0.8764464,0.8920314,0.6438854,0.717565,0.6363338,0.5,0.5,0.6562055,0.5
fri_c3_1000_50,0.9019704,0.9183148,0.7153012,0.9334507,0.7186501,0.5839143,0.8362988,0.8804836,0.9323989,0.7287276,0.9163093,0.6824651,0.7169343,0.74239,0.833572,0.9012331,0.941594,0.923088,0.7144318,0.8963737,0.650698,0.7219553,0.6663095,0.5,0.5,0.639135,0.5
fri_c3_250_10,0.9443847,0.9293039,0.6800159,0.9099983,0.6446595,0.642778,0.8661379,0.8716326,0.8901847,0.7034798,0.9569848,0.6430902,0.6707543,0.8108475,0.8408425,0.9489385,0.9699674,0.9309522,0.8186813,0.8459749,0.6338577,0.6789377,0.5953714,0.5,0.5,0.675541,0.5
fri_c3_250_25,0.915955,0.8952923,0.7259157,0.8634739,0.6834582,0.5917,0.7859517,0.8129288,0.8398185,0.686064,0.8959707,0.6727439,0.6828089,0.7743966,0.7507243,0.9093031,0.924463,0.8936813,0.6794665,0.7744173,0.6658423,0.6776642,0.6390442,0.5,0.5,0.5890859,0.5
fri_c3_250_5,0.8802596,0.8825238,0.7437445,0.8602511,0.7264242,0.8374675,0.808632,0.8420824,0.8718008,0.7527446,0.9150865,0.6664936,0.7179827,0.7579654,0.9047403,0.9388832,0.9657877,0.9235454,0.8325325,0.8284676,0.652619,0.7473767,0.6631602,0.5,0.5,0.7303074,0.5
fri_c3_250_50,0.9129697,0.9195928,0.6983333,0.9099523,0.5731603,0.4962556,0.8395541,0.8006709,0.9067098,0.611013,0.9178225,0.5862512,0.6277057,0.7902598,0.8039221,0.8213419,0.8944155,0.9220649,0.6663636,0.8289004,0.5779222,0.64458,0.5640259,0.5,0.5,0.5852338,0.5
fri_c3_500_10,0.8842259,0.9346429,0.687921,0.9340627,0.660196,0.6667672,0.8454283,0.8613969,0.9176297,0.6981416,0.9226919,0.6696852,0.6730142,0.7220797,0.8791311,0.9492872,0.968194,0.9261029,0.8246825,0.8383825,0.6389957,0.6999533,0.6349502,0.5,0.5,0.6545752,0.5
fri_c3_500_25,0.9013798,0.910146,0.7181819,0.9031655,0.6767859,0.5849026,0.858685,0.8583605,0.9060065,0.6873376,0.916396,0.6313312,0.681169,0.7553572,0.8543831,0.9176947,0.9469969,0.9142046,0.7227273,0.8409902,0.6357142,0.6988637,0.6095779,0.5,0.5,0.6262176,0.5
fri_c3_500_5,0.8643279,0.9028843,0.6874358,0.9027859,0.666496,0.8622142,0.8594636,0.82754,0.9169647,0.7152778,0.9155949,0.6946381,0.6644935,0.7377819,0.875763,0.9325953,0.9638703,0.9256558,0.830832,0.8451606,0.66272,0.7183157,0.6377965,0.5,0.5,0.6670182,0.5
fri_c3_500_50,0.8741753,0.890535,0.6164596,0.8987377,0.6653324,0.5214844,0.8241435,0.8068976,0.8758565,0.6791667,0.9062714,0.6297656,0.6762109,0.7743711,0.8089865,0.8673942,0.9130831,0.921965,0.6481489,0.8318956,0.6028325,0.7021684,0.6326241,0.5,0.5,0.6253425,0.5
fri_c4_100_10,0.8449167,0.7528333,0.7566667,0.7846667,0.7166667,0.615,0.72325,0.747,0.7693333,0.7053334,0.81175,0.6483333,0.7126667,0.6983333,0.7443334,0.8445833,0.9188333,0.8113334,0.7075,0.7344166,0.6158333,0.6773334,0.5958333,0.5,0.5,0.6724166,0.5
fri_c4_100_100,0.8324166,0.8165,0.7941666,0.8081666,0.6745001,0.4966667,0.6725,0.7281666,0.7938334,0.4940833,0.8168333,0.606,0.6745001,0.6383333,0.6621667,0.7055,0.7542501,0.8663334,0.5175,0.8105833,0.5558333,0.798,0.5383333,0.5,0.5,0.567,0.5
fri_c4_100_25,0.8019167,0.8160833,0.66,0.7969167,0.7718333,0.6233333,0.7439166,0.7305,0.7398334,0.68,0.8090834,0.6958333,0.7718333,0.76,0.72425,0.8435833,0.9101666,0.8428334,0.64,0.7517501,0.6816667,0.732,0.6733334,0.5,0.5,0.7343334,0.5
fri_c4_100_50,0.8698334,0.8296667,0.6400001,0.7869167,0.4571666,0.5574999,0.7249166,0.72475,0.737,0.3769168,0.7728334,0.4554999,0.4913333,0.7950001,0.7176666,0.6695834,0.7425,0.839,0.5091666,0.7830834,0.4666667,0.4041668,0.475,0.5,0.5,0.4768334,0.5
fri_c4_1000_10,0.9043629,0.9263596,0.7086038,0.9316559,0.7050933,0.7271104,0.8565951,0.8634945,0.9331981,0.7156656,0.925406,0.6804993,0.7062096,0.7736201,0.9018466,0.9506088,0.9652191,0.931189,0.8312501,0.8813515,0.6442371,0.7044642,0.6345781,0.5,0.5,0.6466722,0.5
fri_c4_1000_100,0.9268971,0.9470465,0.7075538,0.9549477,0.6955557,0.5261906,0.8544724,0.8760023,0.934043,0.6920281,0.9380981,0.6520864,0.6859105,0.7823077,0.8319467,0.8575526,0.9120789,0.9462313,0.674313,0.8994158,0.6256549,0.6986937,0.6318959,0.5,0.5,0.6092101,0.5
fri_c4_1000_25,0.9044317,0.9235197,0.674118,0.9282028,0.6742992,0.5799524,0.8674684,0.8732937,0.9486594,0.6795873,0.9303662,0.6652651,0.6775158,0.748025,0.8948921,0.9288351,0.9526968,0.9302434,0.7517692,0.8897214,0.6287322,0.6810763,0.6273035,0.5,0.5,0.6167866,0.5
fri_c4_1000_50,0.8680194,0.9144074,0.7062499,0.9253244,0.6985593,0.5375,0.8315546,0.8775568,0.8902191,0.7112825,0.9086241,0.6510755,0.7063312,0.7645292,0.8846389,0.8796267,0.9317776,0.9207387,0.6776786,0.8742289,0.6091719,0.7162746,0.6186689,0.5,0.5,0.6239651,0.5
fri_c4_250_10,0.8637487,0.8834665,0.6470029,0.850183,0.5774308,0.6872919,0.7809981,0.7806235,0.8060023,0.6728439,0.8994172,0.6478438,0.6907344,0.6875999,0.8294622,0.9055778,0.9273769,0.8837453,0.7937104,0.7925866,0.6436231,0.7134366,0.634911,0.5,0.5,0.6379078,0.5
fri_c4_250_100,0.8902596,0.9068181,0.6688313,0.8688311,0.6402597,0.6009739,0.790909,0.7853896,0.7961038,0.6045455,0.8717533,0.6311689,0.6844156,0.7668831,0.7334416,0.7116882,0.8516235,0.890909,0.5685065,0.7659093,0.6058441,0.6694807,0.552922,0.5,0.5,0.5662338,0.5
fri_c4_250_25,0.8721945,0.8973942,0.7238678,0.8802988,0.6856477,0.6309233,0.8865924,0.822511,0.8802031,0.6662921,0.8925575,0.6287421,0.7197052,0.8002747,0.7612511,0.9133616,0.9211037,0.9165751,0.6896603,0.8182402,0.5980729,0.6769481,0.6021938,0.5,0.5,0.6435482,0.5
fri_c4_250_50,0.8732517,0.8665002,0.7362846,0.8475816,0.5730437,0.5346194,0.7867217,0.7856478,0.8210371,0.6287629,0.8836124,0.5996088,0.6515402,0.756223,0.7494505,0.8303113,0.8672661,0.8734558,0.6582917,0.7647311,0.5948219,0.6232268,0.5920038,0.5,0.5,0.5833375,0.5
fri_c4_500_10,0.8920225,0.9057932,0.6625832,0.8967213,0.6784676,0.7653116,0.7954768,0.8584856,0.8980632,0.7107797,0.9183652,0.6918279,0.6802391,0.7404605,0.8587327,0.9353382,0.9597513,0.9209509,0.8098449,0.8530582,0.6646768,0.723459,0.6538795,0.5,0.5,0.6520096,0.5
fri_c4_500_100,0.9012288,0.9146169,0.741174,0.9282692,0.6922638,0.5128152,0.8278521,0.8390076,0.8729533,0.6592534,0.9357077,0.6783736,0.6901516,0.7830666,0.803909,0.7983123,0.8594855,0.900642,0.6834268,0.8623414,0.596242,0.7061278,0.6186595,0.5,0.5,0.5940215,0.5
fri_c4_500_25,0.91609,0.9245718,0.744697,0.9165704,0.7106583,0.6200739,0.86115,0.8671136,0.885998,0.7197753,0.9070925,0.6505272,0.7160322,0.7898362,0.8636942,0.9118459,0.9526113,0.9215825,0.7398213,0.886347,0.6437267,0.7025227,0.6263285,0.5,0.5,0.6334192,0.5
fri_c4_500_50,0.8936545,0.9098693,0.6501548,0.9090684,0.6633889,0.5199577,0.8128968,0.8315384,0.893531,0.6949825,0.9194208,0.66478,0.6649906,0.7128096,0.7962158,0.8726491,0.9149093,0.9201944,0.672668,0.8606292,0.622329,0.7156974,0.6342733,0.5,0.5,0.6039321,0.5
fried,0.9185733,0.9617435,0.7021067,0.9236148,0.9482455,0.8246139,0.9109849,0.9234543,0.9704572,0.9159891,0.9343289,0.911726,0.9453622,0.6917352,0.9565528,0.9707789,0.9807494,0.9354868,0.8724966,0.9453298,0.8340704,0.9158369,0.8388001,0.5,0.5,0.8377702,0.5
fruitfly,0.4479018,0.4295536,0.4775,0.5,0.5,0.4958928,0.52125,0.5082143,0.5560714,0.5787499,0.4252233,0.5377679,0.4019643,0.5669642,0.4687946,0.4725446,0.5291072,0.4055804,0.4625,0.5114285,0.49375,0.5560714,0.5,0.5,0.5,0.5023214,0.5
gina_agnostic,0.8789031,0.890851,0.7297842,0.8852745,0.8205947,0.8246928,0.8613575,0.9108236,0.9562609,0.8033539,0.8958607,0.8889714,0.8246932,0.7289376,0.8931592,0.9678765,0.980958,0.9705549,0.7939682,0.9052537,0.803397,0.9367147,0.8372851,0.5,0.5,0.8552467,0.5
gina_prior,0.875223,0.8908312,0.7326463,0.8908049,0.8425239,0.9625666,0.8707924,0.9104578,0.964851,0.8847164,0.8959684,0.890399,0.832891,0.7309909,0.9034556,0.9792064,0.9856071,0.9740555,0.8250767,0.9042817,0.8455189,0.9401613,0.8611951,0.5,0.5,0.8694316,0.5
glass,0.8072018,0.7808133,0.6317995,0.7094877,0.5,0.76614,0.737863,0.7299402,0.7405122,0.7091542,0.823337,0.6165523,0.7202512,0.677816,0.7263099,0.8763735,0.8943387,0.8399776,0.7682006,0.6721889,0.5017857,0.6087569,0.5026786,0.5,0.5,0.5,0.5
haberman,0.6787715,0.6880778,0.638628,0.5450098,0.6133153,0.5766896,0.5679801,0.6295317,0.6634978,0.6697794,0.6961024,0.6400337,0.6734191,0.5843381,0.5449769,0.57668,0.6515836,0.6618522,0.5296387,0.5584678,0.5169961,0.6634978,0.5078804,0.5,0.5,0.5504077,0.5
hayes-roth,0.8430556,0.5,0.4955556,0.4975,0.7198611,0.8638195,0.7809027,0.7964583,0.8754167,0.7840278,0.8951389,0.8031944,0.7973611,0.5215278,0.7647917,0.8433333,0.8925,0.7751389,0.8027778,0.7613194,0.7658333,0.8048611,0.6398611,0.5,0.5,0.6109027,0.5
heart-c,0.8895361,0.9098557,0.7137181,0.8368102,0.9059409,0.7596739,0.7752484,0.7821066,0.9028785,0.9086074,0.9087013,0.906861,0.9044906,0.7155038,0.826625,0.8752667,0.9035651,0.9040955,0.7414229,0.8254727,0.8343163,0.9053995,0.8325063,0.5,0.5,0.7009585,0.5
heart-statlog,0.886389,0.913611,0.7225,0.8738888,0.906111,0.75,0.7494445,0.7950001,0.9077778,0.9111111,0.8877778,0.8855556,0.9005557,0.7058333,0.7452777,0.8652779,0.9000001,0.8869445,0.7566668,0.7955556,0.8266668,0.9077778,0.8366668,0.5,0.5,0.6941668,0.5
hepatitis,0.8777512,0.8883013,0.6711272,0.7547543,0.7980769,0.663782,0.6965544,0.6553685,0.8628205,0.8092414,0.8412927,0.7790065,0.859188,0.564423,0.8293803,0.8674678,0.8774038,0.8642094,0.7270566,0.5458333,0.7432694,0.8628205,0.7512822,0.5,0.5,0.5099358,0.5
house_16H,0.8937907,0.9073691,0.7195996,0.8707755,0.8268753,0.779805,0.8541541,0.8379342,0.9352674,0.8863311,0.906225,0.8893774,0.8455615,0.6575281,0.9240793,0.9361645,0.9516247,0.9386888,0.8029074,0.9041453,0.7734401,0.8844683,0.7603236,0.5,0.5,0.5000312,0.5
house_8L,0.915095,0.9236427,0.7624307,0.9105829,0.8514488,0.7716583,0.8983813,0.8431532,0.9271566,0.8867198,0.9188671,0.8880275,0.8676821,0.7077551,0.9262631,0.9280049,0.9463128,0.9351669,0.8116531,0.912346,0.7799774,0.886219,0.7608159,0.5,0.5,0.58044,0.5
houses,0.9963474,0.9957905,0.9620914,0.9978684,0.9929833,0.9694227,0.9919893,0.9857409,0.9980817,0.9949164,0.9969341,0.9926138,0.991994,0.9729755,0.9964089,0.99722,0.9989935,0.9817247,0.9755302,0.9958059,0.961532,0.9947235,0.9606006,0.5,0.5,0.5,0.5
housing,0.9186544,0.889776,0.8032964,0.9020768,0.8469021,0.8315066,0.8656808,0.8820466,0.9321339,0.9353887,0.921696,0.9291678,0.8671401,0.8354311,0.8841971,0.922089,0.9468388,0.9354175,0.8267529,0.879486,0.8556689,0.9313403,0.8524014,0.5,0.5,0.7673096,0.5
humandevel,0.9464286,0.9345239,0.8916667,0.9345239,0.9547618,0.8928571,0.8928572,0.8928572,0.9559523,0.9547618,0.9523809,0.9547618,0.9547618,0.5,0.8547619,0.9511903,0.9535713,0.8928571,0.6809524,0.5,0.875,0.9559523,0.875,0.5,0.5,0.5,0.5
hungarian,0.8915392,0.9124269,0.7711351,0.8288704,0.8991069,0.74874,0.7658213,0.7690244,0.9201489,0.9097076,0.8859649,0.8997555,0.8990377,0.7514699,0.8708586,0.8582749,0.8838545,0.8824374,0.7585514,0.8294472,0.8057576,0.9201489,0.7966266,0.5,0.5,0.6158374,0.5
hypothyroid,0.9941382,0.9945274,0.9858885,0.9983803,0.9886055,0.6761353,0.9892537,0.9863462,0.9924551,0.9730831,0.9988408,0.9230461,0.9193266,0.9688542,0.9929103,0.9988781,0.9990407,0.9974209,0.9204897,0.9893132,0.6793391,0.9760074,0.5750864,0.5,0.5,0.6768968,0.5
ionosphere,0.9526274,0.947983,0.7602273,0.893287,0.9374099,0.8231581,0.8821704,0.8975143,0.9318967,0.8710955,0.9512136,0.8368172,0.9370323,0.7840338,0.9139162,0.9714312,0.9797998,0.966199,0.8823301,0.8977727,0.8438915,0.9025514,0.8541604,0.5,0.5,0.8384997,0.5
iris,1,1,1,1,1,1,0.99,0.99,1,1,1,1,1,1,0.99,1,1,1,1,1,1,1,1,0.5,0.5,1,0.5
irish,1,1,1,1,1,1,1,1,0,1,0,1,1,0,1,0,1,0,0,1,0.574,0,1,0,0,0,0.5
jEdit_4.0_4.2,0.7968407,0.7869506,0.6945055,0.7729592,0.7277865,0.6881083,0.7132849,0.762971,0.7419153,0.8089482,0.8041601,0.7882261,0.7283164,0.6747253,0.7476648,0.7729985,0.8210557,0.832908,0.7239011,0.8050822,0.7153847,0.8018053,0.6722527,0.5,0.5,0.5811225,0.5
jEdit_4.2_4.3,0.5826413,0.6351804,0.5608455,0.6428737,0.6391352,0.6639899,0.6009447,0.7032342,0.670063,0.6740177,0.6900338,0.6714942,0.6631549,0.5152786,0.6504684,0.6810643,0.7481504,0.7047877,0.6176504,0.6928306,0.6269905,0.6756363,0.6335328,0.5,0.5,0.5593775,0.5
jm1,0.7104264,0.7020955,0.6565398,0.7022608,0.5412486,0.6382877,0.6523827,0.557173,0.7153299,0.7137139,0.712735,0.7022518,0.6903916,0.5333407,0.7092145,0.7176475,0.7544196,0.7386549,0.5982577,0.7099178,0.5039932,0.7123352,0.5019026,0.5,0.5,0.561171,0.5
kc1,0.7827487,0.7994205,0.7106179,0.7888614,0.5,0.7351205,0.6788669,0.5812935,0.8022276,0.7979179,0.7895218,0.7965776,0.7921514,0.5636294,0.7454661,0.7876194,0.8253968,0.8020926,0.6096256,0.7514002,0.5391182,0.8022276,0.5165061,0.5,0.5,0.5185564,0.5
kc1-binary,0.7482638,0.8062501,0.7506944,0.7677085,0.8077546,0.7092593,0.7386575,0.6981483,0.8479167,0.7236111,0.7645833,0.8027778,0.8006946,0.6291668,0.7003472,0.8024307,0.8155093,0.7943286,0.6715277,0.7447917,0.7798611,0.8553241,0.7965277,0.5,0.5,0.5315972,0.5
kc1-top5,0.6478022,0,0,0,0.4,0.5604395,0.5736264,0.489011,0,0.5928572,0,0.7412088,0.7170328,0,0,0,0.7450548,0,0,0.4107143,0.5423076,0,0.4461538,0,0,0,0
kc3,0.7801262,0.8194992,0.7177729,0.7840738,0.5,0.7363356,0.515164,0.5847837,0.7379515,0.7846603,0.8088749,0.7690737,0.8207927,0.5466406,0.6542725,0.7378803,0.8511688,0.8182753,0.6001569,0.5429268,0.5314286,0.7983682,0.510119,0.5,0.5,0.5119047,0.5
kdd_el_nino-small,0.9428836,0.9820017,0.84976,0.977012,0.9447366,0.851823,0.9598598,0.939866,0.9821411,0.9819283,0.9626647,0.9789972,0.9800286,0.9075032,0.9665044,0.9893731,0.9928071,0.9911862,0.965063,0.9759203,0.9481165,0.9882769,0.915623,0.5,0.5,0.4370286,0.5
kdd_internet_usage,0.9354545,0.9201284,0.7718808,0.9412939,0.9163123,0.821995,0.929781,0.8557831,0.9472409,0.9297069,0.9370706,0.8839343,0.9204861,0.8393227,0.8965277,0.9155783,0.9388311,0.9369315,0.7636889,0.9211277,0.8445914,0.9472409,0.8610497,0.5,0.5,0.8528715,0.5
kdd_ipums_la_97-small,0.9895453,0.9798813,0.9791117,0.9855898,0.7712981,0.9340805,0.9698314,0.9698314,0.9901324,0.9839361,0.9920358,0.7911692,0.9494391,0.9786426,0.9741584,0.9742133,0.9798926,0.9792031,0.9031545,0.9711583,0.9675424,0.9901324,0.9802132,0.5,0.5,0.6901607,0.5
kdd_ipums_la_98-small,1,0.6496791,1,0.9965654,1,0.911712,0.9941735,0.986105,0.9976099,0.9813258,0.9967134,1,0.3966274,0.9971623,0.9743046,0.9811784,0.9974614,0.9992532,0.9245624,0.9905866,0.9861146,0.9976099,0.9955186,1,1,1,1
kdd_synthetic_control,1,1,0.951,0.9977,1,1,0.9835,0.983,1,1,1,1,1,0.5,0.9825,1,1,0.9998,0.821,0.5,1,1,1,0.5,0.5,0.965,0.5
kin8nm,0.799049,0.8156051,0.6929924,0.8271425,0.7956665,0.810803,0.8174077,0.8147483,0.8725185,0.8143219,0.8097333,0.8082858,0.819402,0.663193,0.8311245,0.914345,0.934647,0.8326704,0.7574062,0.8382819,0.7309677,0.8130803,0.7351935,0.5,0.5,0.7341265,0.5
kr-vs-kp,0.9549688,0.9520438,0.674957,0.9862225,0.9835166,0.9894608,0.9987706,0.9954084,0.999863,0.995843,0.9758595,0.9868126,0.952024,0.6575034,0.9982483,0.9984929,0.9991368,0.991696,0.95908,0.9979625,0.9700972,0.9951438,0.95417,0.5,0.5,0.9505777,0.5
letter,0.9559368,0.9779996,0.7696691,0.9229579,0.9304391,0.9903124,0.9786164,0.9582639,0.9970607,0.966118,0.9520849,0.9276408,0.9430128,0.5123156,0.9761652,0.9967234,0.9998803,0.996954,0.9531789,0.9879316,0.7405056,0.9649876,0.6542545,0.5,0.5,0.6648859,0.5
lowbwt,0.8498148,0.8598765,0.8277777,0.8244443,0.8706172,0.7532716,0.8266667,0.8322221,0.8568519,0.8518518,0.8772222,0.8722221,0.8661727,0.8277777,0.8192592,0.8794444,0.8777777,0.8626544,0.7699999,0.8322838,0.8038888,0.8568519,0.8138888,0.5,0.5,0.5227778,0.5
lymph,0.9093254,0.9060846,0.7996031,0.8545139,0.8943452,0.8354002,0.8483962,0.8208332,0.9045965,0.9583333,0.9036211,0.9098215,0.9069114,0.7996031,0.8244048,0.9242394,0.9416336,0.9199405,0.7441138,0.8019842,0.8280753,0.9153108,0.8741071,0.5,0.5,0.8460978,0.5
machine_cpu,0.9793056,0.9772084,0.8958334,0.9500139,0.9653334,0.9198889,0.91125,0.872986,0.9633056,0.9183741,0.9847222,0.9776945,0.9676945,0.8875,0.953528,0.9665555,0.9781945,0.9841667,0.9103333,0.9123471,0.9135417,0.9799722,0.8633334,0.5,0.5,0.6710417,0.5
MagicTelescope,0.9999253,0,0,0,0.9998427,0.9810145,0.9999594,0.9999253,0,0.9999997,0,0.9999986,0.985029,0,0,0,1,0,0,0.9999253,0.9956501,0,0.9913435,0,0,0,0
mammography,0.9204147,0.9294704,0.7810041,0.914683,0.8544377,0.7494915,0.8435821,0.7808015,0.9082004,0.9183741,0.9265672,0.9197076,0.9186955,0.6492677,0.8776552,0.8963316,0.9416642,0.9274989,0.7390027,0.8619318,0.6510533,0.91742,0.5614471,0.5,0.5,0.7248753,0.5
mc1,0.9315956,0.9054315,0.8039083,0.8748124,0.8219078,0.9435449,0.7891226,0.6681659,0.8918313,0.8960464,0.9350524,0.9003886,0.9106358,0.6247872,0.8259627,0.8885632,0.9385507,0.9220962,0.8065155,0.7817024,0.5,0.8799539,0.5,0.5,0.5,0.4993085,0.5
mc2,0.6148483,0.7133334,0.5345453,0.6160605,0.7133334,0.5972727,0.6254544,0.5689393,0.7284849,0.7183333,0.655909,0.6774242,0.7113637,0.5380302,0.6834849,0.6289393,0.6956817,0.6939394,0.575,0.5793181,0.6204543,0.7284849,0.580606,0.5,0.5,0.5254546,0.5
meta,0.8389228,0.8195656,0.68703,0.6700312,0.5,0.7884308,0.5,0.6153988,0.9049824,0.845709,0.9265203,0.8810991,0.7975,0.5710949,0.6995213,0.8920258,0.9197251,0.7599292,0.639047,0.5328014,0.7100976,0.9049824,0.6461392,0.5,0.5,0.5,0.5
mfeat-factors,0.9973332,0.9838334,0.9399999,0.9904165,0.973014,0.9905693,0.9690554,0.9640972,0.9971389,0.9965,0.9929307,0.9999444,0.972764,0.922222,0.9634861,0.9935,0.9994722,0.9937221,0.9166666,0.9707222,0.9925,0.9971389,0.9925,0.5,0.5,0.9583054,0.5
mfeat-karhunen,0.9786945,0.9838334,0.9399999,0.9904165,0.98475,0.9878194,0.9187638,0.9320416,0.9971389,0.9907499,0.9929307,0.9978889,0.9847778,0.922222,0.9634861,0.9935,0.9975972,0.9937221,0.9166666,0.9356389,0.9749998,0.9971389,0.9763888,0.5,0.5,0.9583054,0.5
mfeat-morphological,0.9990139,0.9838334,0.9399999,0.9904165,0.9932223,0.9928333,0.9932223,0.9894444,0.9971389,0.9998888,0.9929307,0.9998611,0.9864167,0.922222,0.9634861,0.9935,0.9971666,0.9937221,0.9166666,0.9852084,0.9925,0.9971389,0.9925,0.5,0.5,0.9583054,0.5
mfeat-pixel,0.9935971,0.9838334,0.9399999,0.9904165,0.98275,0.9874722,0.9763889,0.9630555,0.9971389,0.8513611,0.9929307,0.6204584,0.98275,0.922222,0.9634861,0.9935,0.9975277,0.9937221,0.9166666,0.986389,0.9761111,0.9971389,0.9763889,0.5,0.5,0.9583054,0.5
mfeat-zernike,0.9918056,0.9838334,0.9399999,0.9904165,0.9846668,0.9862082,0.9476529,0.9364723,0.9971389,0.9941805,0.9929307,0.9966943,0.984639,0.922222,0.9634861,0.9935,0.9953472,0.9937221,0.9166666,0.9575695,0.9838888,0.9971389,0.9813888,0.5,0.5,0.9583054,0.5
molecular-biology_promoters,0.6916668,0.6755954,0.5023809,0.5630953,0.5041667,0.5714286,0.3803571,0.503869,0.5309523,0.5970238,0.675,0.6565477,0.6791668,0.5,0.5541666,0.5630951,0.6684523,0.5854165,0.5163691,0.5,0.5696429,0.545238,0.5625,0.5,0.5,0.5770831,0.5
monks-problems0,0.3735488,0.3760824,0.4363096,0.3894584,0.5,0.077381,0.4485595,0.4639208,0.4597838,0.3741168,0.3678088,0.4615804,0.3760778,0.4308202,0.263205,0.0808649,0.0774087,0.3610683,0.0829206,0.4816731,0.4339377,0.4597838,0.4431286,0.5,0.5,0.4378331,0.5
monks-problems-2,0.4134748,0.4166325,0.522742,0.5547332,0.4599999,0.5595699,0.6495574,0.5370088,0.7769176,0.4081972,0.412301,0.5093154,0.4170733,0.522742,0.6647418,0.5678189,0.5104516,0.5666862,0.5894248,0.5161972,0.4810753,0.4875556,0.4743011,0.5,0.5,0.456491,0.5
monks-problems-3,0.3949428,0.3893046,0.4099869,0.3834964,0.4671415,0.1020834,0.4099797,0.4162155,0.4839286,0.3976616,0.3966719,0.4301612,0.388974,0.4040345,0.3022087,0.107953,0.0983655,0.3984222,0.1117299,0.4756378,0.4007938,0.4839286,0.4631613,0.5,0.5,0.4635323,0.5
mozilla4,0.9401222,0.9650565,0.9002532,0.9557944,0.9324034,0.8777353,0.9536611,0.9152674,0.9605154,0.886951,0.954478,0.9189408,0.8297639,0.9286593,0.9612574,0.9735311,0.9835057,0.9737756,0.9275458,0.9584286,0.8377232,0.9217578,0.83788,0.5,0.5,0.8827372,0.5
mu284,0.9964286,1,0.9964286,0.9964286,0.9635714,0.9576192,0.9964286,0.9964286,1,1,0.9964286,1,0.9560204,0.9964286,0.9964286,0.9992857,1,0.9990476,0.9897619,0.9964286,0.9752382,1,0.9788096,0.5,0.5,0.6931463,0.5
mushroom,0.995492,0.9984413,0.8896226,1,0.9976679,1,1,1,1,1,0.9979162,0.9911031,0.9980964,0.9846786,1,1,1,1,0.9993886,0.9999991,1,0.9999672,1,0.5,0.5,0.9993615,0.5
musk,0.9999104,0.9739672,0.9999104,0.9999104,1,0.9967848,0.9995098,0.9995098,1,1,0.9999104,0.5520632,0.9441353,0.9995098,0.9995098,0.9999965,1,1,0.9674316,0.9995098,1,1,1,0.5,0.5,0.9990196,0.5
newton_hema,0.7653062,0.8163266,0.6285715,0.8214288,0.82449,0.6877551,0.8387755,0.6540817,0.8489797,0.8469387,0.8489796,0.8469388,0.82449,0.6571428,0.8142858,0.7642857,0.8367347,0.8530613,0.7265307,0.8091836,0.7642857,0.8489797,0.7428571,0.5,0.5,0.6244898,0.5
no2,0.6202615,0.5855415,0.5468974,0.6111482,0.5812279,0.5690641,0.5970636,0.6359385,0.6153108,0.6084374,0.6388273,0.5913182,0.5802677,0.5318526,0.6130551,0.6953913,0.7098867,0.692599,0.6056282,0.6061753,0.5687372,0.6138751,0.5743462,0.5,0.5,0.5400062,0.5
nursery,1,1,1,1,1,1,1,1,1,1,1,1,1,1,1,1,1,1,0.9958006,1,1,1,1,0.5,0.5,1,0.5
optdigits,0.9746598,0.9858058,0.8010022,0.947149,0.8764316,0.9903997,0.9434487,0.9520317,0.9959891,0.9974568,0.98616,0.9927555,0.9764375,0.499901,0.9535486,0.9967508,0.9988945,0.9959601,0.9157817,0.9572866,0.9661644,0.996629,0.960396,0.5,0.5,0.9416409,0.5
OVA_Breast,0.9598405,0.9733644,0.9147792,0.9435697,0.9554579,0.9023915,0.8920852,0.9341139,0.9710427,0.9497207,0.9674863,0.713497,0.9568773,0.8799575,0.9135602,0.9699193,0.976503,0.9675567,0.8176359,0.9364556,0.9477625,0.9708221,0.9468592,0.5,0.5,0.8846672,0.5
OVA_Endometrium,0.9514973,0.9014646,0.8141111,0.6980827,0.5,0.7299177,0.6994554,0.6605546,0.9542996,0.8294609,0.9528427,0.7421524,0.8548133,0.5599213,0.656601,0.8276754,0.9475442,0.9095563,0.5588133,0.6581421,0.7073678,0.9535113,0.6825402,0.5,0.5,0.5,0.5
OVA_Ovary,0.9340193,0.8804199,0.790826,0.8311861,0.6035034,0.6867742,0.7931732,0.8377726,0.9292875,0.8286816,0.9527421,0.6544569,0.8402083,0.7496382,0.7979969,0.9170991,0.9489727,0.9578989,0.6752544,0.865883,0.7802189,0.9317319,0.7987311,0.5,0.5,0.5749829,0.5
OVA_Uterus,0.9040778,0.8833604,0.7703503,0.705465,0.5,0.7475253,0.6748552,0.7549043,0.9079142,0.8361675,0.9320398,0.7422061,0.8525215,0.604238,0.8169279,0.904617,0.9399473,0.9077563,0.6657683,0.7855047,0.7765407,0.9117287,0.7755135,0.5,0.5,0.5406148,0.5
page-blocks,0.9551899,0.9723486,0.8290819,0.9731367,0.7332345,0.8801582,0.9568186,0.9233798,0.9697671,0.9413122,0.9786131,0.8798674,0.9302682,0.8151289,0.9684854,0.9724873,0.9907508,0.9896144,0.9138265,0.9680742,0.7950131,0.9408466,0.7077856,0.5,0.5,0.5958997,0.5
pbc,0.7769133,0.7583651,0.669292,0.7212561,0.7721712,0.6033181,0.7097954,0.6545069,0.7870201,0.7935418,0.7687961,0.7655605,0.771256,0.5840135,0.7034579,0.7267353,0.7653954,0.7662852,0.6521802,0.665853,0.7177917,0.7870201,0.6976545,0.5,0.5,0.5913932,0.5
pbcseq,0.7533598,0.7856009,0.6666261,0.7558444,0.5579101,0.7151536,0.7156589,0.7278449,0.7652447,0.661156,0.7766375,0.6416255,0.7559705,0.5072954,0.6470663,0.6993916,0.7474189,0.7435952,0.6109963,0.5559016,0.6704818,0.7622904,0.6745739,0.5,0.5,0.5656966,0.5
pc1,0.8068433,0.7339113,0.7391363,0.7536735,0.5,0.7416168,0.637758,0.587456,0.7519619,0.8124428,0.8415029,0.7252521,0.7120908,0.5286762,0.8106701,0.8194635,0.8661929,0.8331623,0.6618751,0.7677326,0.5115338,0.7251415,0.4995192,0.5,0.5,0.4975962,0.5
pc1_req,0.6365152,0.4883115,0.5207578,0.5015152,0.5140909,0.6466885,0.5936256,0.529827,0.6097728,0.6418721,0.6407035,0.652803,0.5967424,0.502619,0.6270021,0.6245131,0.6409632,0.62513,0.6440693,0.6161148,0.5553897,0.6197944,0.5045455,0.5,0.5,0.5608225,0.5
pc2,0.8495818,0.8370471,0.7700174,0.5,0.4808016,0.8526655,0.4994604,0.5491916,0.5778914,0.7897826,0.8257843,0.8115949,0.8211128,0.5248204,0.6847364,0.6078275,0.8114087,0.5454182,0.5153429,0.5111511,0.5,0.5778914,0.5,0.5,0.5,0.5,0.5
pc3,0.7886595,0.7781364,0.7212584,0.6478571,0.5,0.6430427,0.6060826,0.5361854,0.5345536,0.8230007,0.8187402,0.8011982,0.7683355,0.548495,0.7114247,0.7887553,0.8418968,0.8154406,0.6304701,0.6944851,0.5,0.5345536,0.5,0.5,0.5,0.4871656,0.5
pc4,0.9141813,0.831315,0.8358278,0.8788028,0.5119485,0.715186,0.7843417,0.726367,0.9106045,0.9165059,0.918293,0.8705933,0.8387816,0.6085351,0.8436555,0.9302721,0.9447214,0.9254826,0.7046876,0.8918645,0.6486086,0.9119997,0.5637613,0.5,0.5,0.4988281,0.5
pendigits,0.9896324,0.9870616,0.8607836,0.9855686,0.9633601,0.99628,0.9702132,0.9826971,0.9996558,0.9992331,0.9927415,0.9990111,0.9888173,0.5,0.9731935,0.9991995,0.9997337,0.9990734,0.9686255,0.9815547,0.983099,0.9991741,0.9844768,0.5,0.5,0.9725278,0.5
pharynx,0.8196599,0.8387706,0.7860118,0.8118304,0.8400184,0.6477392,0.7860118,0.7782737,0.8247082,0.8259501,0.8262248,0.8734833,0.8400184,0.5059524,0.7680802,0.7423077,0.8015109,0.7618762,0.6705586,0.5,0.7905221,0.8247082,0.8291665,0.5,0.5,0.5,0.5
plasma_retinol,0.6185978,0.5485462,0.5278342,0.5238708,0.5228938,0.54287,0.5144207,0.5365875,0.5606243,0.5694718,0.6110226,0.5462118,0.5266935,0.5503694,0.5598902,0.5613584,0.5597969,0.5746047,0.510867,0.5417332,0.5467852,0.5452092,0.5243381,0.5,0.5,0.5063587,0.5
pm10,0.5784602,0.5,0.526032,0.5,0.5303425,0.5676539,0.5576249,0.5280405,0.5265866,0.4798382,0.5449513,0.4822593,0.5227436,0.5385065,0.5371354,0.6234556,0.6604403,0.6476326,0.5596924,0.529013,0.5105833,0.4956767,0.4859872,0.5,0.5,0.4994441,0.5
pol,0.9150703,0.9780973,0.6947953,0.9778807,0.9245364,0.9670599,0.9859018,0.9729513,0.995938,0.9407944,0.9700958,0.9262829,0.8827353,0.7510503,0.988244,0.9979522,0.9990898,0.9948403,0.9560838,0.9928585,0.8807822,0.9379479,0.8817941,0.5,0.5,0.8784723,0.5
pollen,0.5057427,0.5,0.5057063,0.5,0.5055952,0.4887994,0.4992134,0.4892042,0.484151,0.4878928,0.5037859,0.4891261,0.4882147,0.5132099,0.4992134,0.5013864,0.4877151,0.5058721,0.4958332,0.502325,0.4857595,0.484151,0.4871708,0.5,0.5,0.4950262,0.5
primary-tumor,0.8828215,0.8622533,0.7773824,0.8509413,0.8845898,0.8093986,0.7745001,0.7270961,0.8456283,0.8532125,0.8978023,0.8849625,0.8877148,0.6646495,0.8458248,0.8578281,0.8722234,0.8603292,0.772313,0.7720952,0.7646088,0.8533206,0.754032,0.5,0.5,0.6681421,0.5
prnn_fglass,0.7905564,0.7691719,0.625412,0.727713,0.5,0.7767857,0.7763491,0.736352,0.7451922,0.7168662,0.8093112,0.6164737,0.7033457,0.6819369,0.7616563,0.8663558,0.8953838,0.8501324,0.7593407,0.7112,0.4955358,0.672508,0.5,0.5,0.5,0.503125,0.5
prnn_synth,0.9397436,0.9096153,0.8317308,0.9083332,0.9384616,0.8628204,0.8432691,0.8541666,0.9378206,0.9397436,0.9509615,0.9346154,0.9391025,0.8320512,0.8660256,0.7907051,0.9105771,0.9102564,0.7907051,0.8804487,0.8477564,0.9384616,0.8596153,0.5,0.5,0.8573718,0.5
puma32H,0.6565301,0.6629245,0.6545767,0.6629245,0.8510044,0.5583824,0.8778907,0.8921872,0.9258151,0.6666082,0.6651081,0.6711577,0.6672579,0.6050867,0.9392856,0.9242785,0.9481354,0.8392815,0.7590089,0.9269853,0.636419,0.6686027,0.651156,0.5,0.5,0.6536531,0.5
puma8NH,0.8285119,0.843569,0.6962953,0.8756953,0.8602166,0.7369249,0.8731134,0.850273,0.8949632,0.8557711,0.8439209,0.8557882,0.8564747,0.6643016,0.8787885,0.8858548,0.9076329,0.8545938,0.7596259,0.8755709,0.8217785,0.8565055,0.8272753,0.5,0.5,0.8273146,0.5
pwLinear,0.9202828,0.8982474,0.8300505,0.8996465,0.9378384,0.8689899,0.8780151,0.8642727,0.9553636,0.9367879,0.9137525,0.9398384,0.7871314,0.8300505,0.877096,0.9423282,0.9548939,0.9188788,0.8196969,0.8717222,0.8651515,0.9247878,0.855606,0.5,0.5,0.8852727,0.5
quake,0.5082499,0.5,0.5112021,0.5,0.5078683,0.5123727,0.5,0.5233521,0.525492,0.5277524,0.5094989,0.5364893,0.5183889,0.4725896,0.5,0.501068,0.5211442,0.5191051,0.488238,0.4999071,0.5,0.525492,0.5,0.5,0.5,0.5283191,0.5
rabe_266,0.9819444,0.8685714,0.8685714,0.8994841,0.9776984,0.960992,0.9206746,0.9472224,0.9943651,0.9804763,0.9777778,0.983254,0.9776984,0.8923809,0.941508,0.9333335,0.9944444,0.9638095,0.9333335,0.909127,0.9411904,0.9860318,0.9495237,0.5,0.5,0.9078968,0.5
rmftsa_ctoarrivals,0.9173245,0.9832169,0.7992045,0.9752657,0.9891477,0.9420522,0.9449164,0.9243147,0.9946724,0.9947293,0.9784292,0.988018,0.9891477,0.7567915,0.9531517,0.9401235,0.9900401,0.978643,0.9401235,0.9724849,0.9377105,0.9946724,0.93129,0.5,0.5,0.5,0.5
rmftsa_ladata,0.9292362,0.9176786,0.8581216,0.9233859,0.8620364,0.8528934,0.8681292,0.8846068,0.9468984,0.9576728,0.9485663,0.9495772,0.9196807,0.8613683,0.9029448,0.937309,0.9587671,0.936877,0.8263635,0.9037229,0.8886134,0.9520708,0.8621896,0.5,0.5,0.8056983,0.5
rmftsa_sleepdata,0.7670207,0.7576326,0.725837,0.7832239,0.7662054,0.7676084,0.7861757,0.7419691,0.8032898,0.7794907,0.7685487,0.773889,0.7659907,0.7061757,0.7859546,0.7665062,0.7794544,0.7634233,0.7665062,0.7853621,0.6890211,0.7810578,0.6871547,0.5,0.5,0.5062029,0.5
scene,0.87516,0.8992748,0.6801649,0.9596276,0.5,0.915657,0.9789053,0.8681893,0.9873862,0.9487653,0.9747088,0.9814592,0.8439374,0.5270914,0.9686375,0.922826,0.9547697,0.9588786,0.7160956,0.9563697,0.9578782,0.9873862,0.9698729,0.5,0.5,0.8517855,0.5
schizo,0.634918,0.7787082,0.5823529,0.8244455,0.5938257,0.6088847,0.8915765,0.8626243,0.8162209,0.619865,0.7028739,0.6504193,0.5920931,0.8685253,0.8305754,0.8546183,0.8719976,0.9257557,0.7355736,0.8401118,0.6184843,0.6200339,0.5886437,0.5,0.5,0.4912096,0.5
segment,0.9988292,0.9983165,0.8189393,0.9976048,0.5,0.9946129,0.9849709,0.9846954,0.9992654,0.9999847,0.9994796,0.9990512,0.986838,0.9590908,0.9858203,0.9983089,0.9998622,0.9998011,0.9896464,0.9868457,0.9921716,0.9992654,0.9904039,0.5,0.5,0.704293,0.5
sensory,0.6474167,0.648379,0.6264574,0.7082578,0.6482564,0.6429442,0.72769,0.6918448,0.6762257,0.6526818,0.6682287,0.6353593,0.6482564,0.6264574,0.6659191,0.6983549,0.7228646,0.7347115,0.606128,0.7046955,0.6103962,0.6359871,0.6185291,0.5,0.5,0.6183662,0.5
servo,0.9567309,0.9596154,0.953846,0.9455128,0.9576924,0.9772435,0.953846,0.953846,0.9785256,0.9766025,0.9766026,0.9891025,0.9576924,0.953846,0.9528845,0.9817307,0.9852564,0.9676281,0.9198717,0.9570512,0.9179486,0.9785256,0.9102563,0.5,0.5,0.9451922,0.5
sick,0.9791884,0.9594479,0.9368931,0.949346,0.5340661,0.8087413,0.9494568,0.9519771,0.9861067,0.9422427,0.9597122,0.9434364,0.9252424,0.877581,0.9638344,0.9840799,0.9974323,0.9874544,0.8546931,0.969867,0.7616444,0.9486537,0.5,0.5,0.5,0.5068595,0.5
sleuth_case2002,0.7381801,0.6866071,0.6797618,0.6613945,0.7132653,0.5636053,0.6738945,0.7145832,0.753614,0.7242772,0.7127337,0.6862669,0.7096939,0.6690477,0.6009354,0.5834608,0.6863095,0.7280186,0.5448129,0.719175,0.6452381,0.7446854,0.6544642,0.5,0.5,0.7491071,0.5
socmob,0.9609077,0.9729504,0.8998462,0.9677435,0.9201728,0.9325222,0.9043033,0.9188221,0.9884496,0.9878341,0.9762085,0.9423939,0.9767299,0.8802308,0.9493923,0.9777556,0.98587,0.9761035,0.9321058,0.9283437,0.8814957,0.9897744,0.8501197,0.5,0.5,0.8965991,0.5
solar-flare,0.4345766,0,0,0,0.35,0.4543851,0.35,0.3483871,0,0.3599799,0,0.41875,0.6164315,0,0,0,0.5636089,0,0,0.35,0.3936492,0,0.35,0,0,0,0
sonar,0.8610017,0.882256,0.7240907,0.7891162,0.8099833,0.8638129,0.7358165,0.7761279,0.866953,0.7612627,0.887096,0.8189562,0.7999832,0.629419,0.7829799,0.943485,0.9512963,0.8614309,0.7210352,0.7705807,0.791212,0.8460438,0.758131,0.5,0.5,0.803005,0.5
space_ga,0.8169965,0.8032302,0.7276594,0.8411356,0.7544314,0.791337,0.8305364,0.819304,0.9139118,0.904343,0.852204,0.9015708,0.8096541,0.6924595,0.8603001,0.8922973,0.9130011,0.8900675,0.7734376,0.8520699,0.824986,0.8977947,0.7922276,0.5,0.5,0.5,0.5
spambase,0.958921,0.9648403,0.7532676,0.9460099,0.7951694,0.9079356,0.9368884,0.9374069,0.967425,0.9714396,0.9682843,0.9613195,0.9365413,0.7663033,0.9569012,0.9808535,0.9875633,0.9821431,0.8999837,0.9611352,0.9144852,0.9729593,0.8915608,0.5,0.5,0.580397,0.5
SPECT,0.7558522,0.7558712,0.6791666,0.7571781,0.7558712,0.7067424,0.681269,0.6910605,0.741932,0.7461364,0.7706441,0.7479545,0.7558712,0.7087121,0.6476893,0.7074432,0.7435228,0.7450946,0.5845265,0.7088826,0.6911742,0.741932,0.695303,0.5,0.5,0.6695833,0.5
SPECTF,0.874518,0.8831453,0.6682136,0.8253556,0.7489094,0.8146787,0.8768718,0.8146787,0.9206802,0.8899077,0.9045657,0.8617538,0.8714289,0.5766666,0.881123,0.961776,0.9723214,0.9394837,0.8467351,0.8294581,0.7406837,0.8840308,0.7687607,0.5,0.5,0.4980769,0.5
spectrometer,0.987132,0.9531796,0.8872562,0.9322657,0.5,0.7664893,0.8579868,0.8186252,0.9933364,0.930715,0.9878613,0.7822341,0.9135948,0.5,0.9139798,0.983054,0.9915456,0.9776743,0.8353324,0.5,0.8543086,0.9933364,0.8464362,0.5,0.5,0.6881774,0.5
splice,0.9721916,0.9753681,0.8228506,0.9625935,0.9708333,0.8492001,0.9484831,0.9646484,0.9904467,0.975968,0.9734825,0.8608509,0.9753367,0.5071685,0.9612897,0.9750008,0.9938967,0.9823814,0.7880303,0.5071685,0.9386455,0.9834767,0.9358317,0.5,0.5,0.930145,0.5
stock,0.9728543,0.9647375,0.8308646,0.9760479,0.8328172,0.9631591,0.9705945,0.9678222,0.9879789,0.9314702,0.983368,0.8693282,0.8329059,0.8587709,0.9730963,0.9926803,0.9960961,0.9936568,0.9484131,0.9754482,0.8572809,0.929651,0.8400016,0.5,0.5,0.7584936,0.5
strikes,0.9423598,1,0.7290325,1,0.683575,0.9664315,0.9969661,0.9922006,0.9998992,0.7162331,0.9715076,0.7438279,0.673257,1,0.9893357,0.9984343,0.9981351,0.9980294,0.9583166,0.9858921,0.6477318,0.7116026,0.6251008,0.5,0.5,0.6949076,0.5
sylva_agnostic,0.9950243,0.998144,0.9192156,0.9960337,0.9756957,0.906567,0.9601893,0.9762791,0.9991615,0.9971389,0.9978604,0.9971107,0.996771,0.7244603,0.9599717,0.9952053,0.9986262,0.9983843,0.8624586,0.9848067,0.9745564,0.9991615,0.9831827,0.5,0.5,0.870808,0.5
sylva_prior,0.9948615,0.998145,0.9192355,0.9956337,0.9695699,0.9617196,0.9659891,0.9727594,0.999211,0.9990361,0.9978634,0.9973533,0.9968315,0.7045207,0.9749711,0.9975267,0.9990083,0.9984217,0.9094685,0.9894644,0.9876287,0.999211,0.9887155,0.5,0.5,0.9000004,0.5
tae,0.5987037,0.6770926,0.5361111,0.6740926,0.6057778,0.7195186,0.6441296,0.6157963,0.681926,0.6911481,0.7114444,0.6307407,0.6697778,0.5694444,0.693926,0.849963,0.8343333,0.7078889,0.7383333,0.5900556,0.5611111,0.6475926,0.5661111,0.5,0.5,0.5774629,0.5
tecator,0.9733341,0.8567008,0.8096853,0.948499,0.7384892,0.8932418,0.9288487,0.9038937,0.9864885,0.9788263,0.9804545,0.9836314,0.7377749,0.8776674,0.9205744,0.963981,0.9682815,0.9621603,0.8211737,0.9046453,0.933931,0.9864885,0.9277772,0.5,0.5,0.8663636,0.5
thyroid_sick,0.9791884,0.9594479,0.9368931,0.949346,0.5340661,0.8087413,0.9494568,0.9519771,0.9861067,0.9422427,0.9597122,0.9434364,0.9252424,0.877581,0.9638344,0.9840799,0.9974323,0.9874544,0.8546931,0.969867,0.7616444,0.9486537,0.5,0.5,0.5,0.5068595,0.5
tic-tac-toe,0.7984176,0.7469699,0.6709045,0.8124953,0.7469239,0.9999511,0.8983768,0.9724313,0.9918962,0.996928,0.7895004,0.9822025,0.7469239,0.6709045,0.9728306,0.9844692,0.9971496,0.9269999,0.7966813,0.8807134,0.9758466,0.9918962,0.9758466,0.5,0.5,0.8544375,0.5
transplant,1,1,1,1,0.9977778,0.9844444,0.9944444,0.99,1,1,1,1,0.9977778,1,0.9944444,1,1,1,1,0.9944444,1,1,0.96,0.5,0.5,0.5440278,0.5
triazines,0.7365829,0.5264772,0.4995453,0.7125405,0.5944805,0.7200812,0.8225,0.7506494,0.8384254,0.7687338,0.8231493,0.7843181,0.7947566,0.572841,0.8137257,0.8202029,0.8756168,0.8118994,0.7295615,0.7279221,0.7272564,0.8088312,0.7341556,0.5,0.5,0.7215097,0.5
vehicle,0.9636461,0.8819348,0.7896436,0.8834716,0.8632509,0.9542056,0.9632924,0.9505464,0.9908043,0.9912695,0.9843442,0.989586,0.839731,0.710798,0.9029961,0.9950838,0.9986222,0.9931949,0.9425195,0.9499819,0.8531695,0.9877172,0.9007447,0.5,0.5,0.5,0.5
vehicle_sensIT,0.8824698,0.8819348,0.7896436,0.8834716,0.8399069,0.7386986,0.8163394,0.7386986,0.9908043,0.9145299,0.9843442,0.9125133,0.8561786,0.710798,0.9029961,0.9950838,0.9193115,0.9931949,0.9425195,0.8969567,0.9283164,0.9877172,0.85189,0.5,0.5,0.5,0.5
veteran,0.7195834,0.7480556,0.6283333,0.6976388,0.6477777,0.6183333,0.6506944,0.6368055,0.7386111,0.7219444,0.7579166,0.6961111,0.7230556,0.5230555,0.6836112,0.6845833,0.7322222,0.7326389,0.5977778,0.6431945,0.6344443,0.7386111,0.6080556,0.5,0.5,0.5947221,0.5
vinnie,0.9080437,0.9065239,0.8467543,0.9069394,0.8826562,0.8980675,0.8467543,0.8467543,0.9277328,0.9313417,0.932597,0.9335622,0.934114,0.8467543,0.884069,0.9030613,0.9077724,0.8849022,0.9030613,0.8726816,0.8416227,0.9281479,0.8281577,0.5,0.5,0.8760119,0.5
visualizing_environmental,0.7783333,0.695,0.7250001,0.7250001,0.7194445,0.59,0.7333334,0.6966667,0.7555557,0.7677779,0.7627777,0.77,0.7227778,0.6866666,0.7333334,0.7238889,0.7147222,0.695,0.6700001,0.7466668,0.7316667,0.7488891,0.7166667,0.5,0.5,0.7444445,0.5
visualizing_galaxy,0.9879117,0.9744724,0.810098,0.9801315,0.9930625,0.9382352,0.9631747,0.9458639,0.9950404,0.9965749,0.9866806,0.995803,0.9938251,0.8465405,0.9699961,0.969183,0.9864006,0.9946903,0.9537255,0.9492802,0.96317,0.9950404,0.923011,0.5,0.5,0.9692483,0.5
visualizing_livestock,0.8668182,0.9090909,0.7984846,0.8057575,0.8966667,0.8630303,0.8057575,0.831818,0.839697,0.8165151,0.8730304,0.8460606,0.8966667,0.7984846,0.6807576,0.7489393,0.7524243,0.8407575,0.7489393,0.5524242,0.8372725,0.839697,0.7934846,0.5,0.5,0.8172727,0.5
vote,0.9906946,0.9680776,0.9665095,0.9785147,0.96524,0.9652694,0.9796364,0.9587172,0.9835522,0.9833772,0.9917317,0.9886774,0.9705873,0.9588993,0.9542389,0.9912896,0.9904234,0.9882855,0.9661048,0.970186,0.9669567,0.9866023,0.9604957,0.5,0.5,0.9607988,0.5
water-treatment,0.9980555,0.8677463,0.9022886,0.9727366,0.8481946,0.5334722,0.9930556,0.98125,0.9941666,0.5775884,0.9972222,0.4347063,0.7291983,0.5,0.9930556,0.582904,0.6244318,0.5,0.511856,0.5,0.514255,0.9941666,0.5245328,0.5,0.5,0.5,0.5
waveform-5000,0.9068288,0.9421442,0.7821505,0.8631724,0.8956534,0.7799943,0.7956009,0.8316528,0.9389196,0.9285092,0.9308884,0.9229297,0.9388884,0.7389639,0.8831857,0.9401717,0.9586005,0.9483213,0.7732577,0.8936831,0.8426188,0.9284067,0.853592,0.5,0.5,0.8367566,0.5
wind,0.9151937,0.8912869,0.8158923,0.9220604,0.8570528,0.8136493,0.8466543,0.873575,0.9367586,0.9348861,0.9227626,0.9327902,0.8899474,0.8087352,0.91082,0.9247032,0.9385621,0.9264287,0.7974927,0.9006763,0.8502778,0.9345212,0.8524044,0.5,0.5,0.8237454,0.5
wisconsin,0.505202,0.4794444,0.4713637,0.4794444,0.6313132,0.560303,0.4985354,0.5390911,0.6243435,0.6217172,0.4694949,0.6147476,0.6116163,0.5073233,0.5097475,0.5644445,0.579091,0.6202527,0.5125253,0.5058586,0.5441919,0.638788,0.6151515,0.5,0.5,0.5510606,0.5
yeast_ml8,0.8613078,0.893465,0.8262728,0.5,0.5,0.5312026,0.7896872,0.4995816,0.5861597,0.5755299,0.8584301,0.8896161,0.8092,0.5,0.7406287,0.6865844,0.8373429,0.6015231,0.5036906,0.5828781,0.526018,0.5861597,0.5,0.5,0.5,0.5,0.5
zoo,1,1,1,1,1,1,1,1,1,1,1,1,1,0.5166666,1,1,1,1,0.875,0.5,1,1,1,0.5,0.5,0.9791667,0.5
